id,name,name_nepali,alternate_names,description,food_category,food_type,cuisine,region,district_or_city,ethnic_association,meal_type,diet_type,main_ingredients,spice_level,serving_style,is_traditional,is_festival_food,is_street_food,is_restaurant_food,image_url,image_source,image_license,image_verified,source_url,research_confidence,notes
1,Dal Bhat Tarkari,दाल भात तरकारी,Dal Bhat,"Nepal's everyday staple meal: steamed rice, lentil soup, and a vegetable side, often with pickle.",Main Course,Meal Set,Pan-Nepali,National,,Unknown / Mixed,Lunch/Dinner,Vegetarian (meat optional add-on),"Rice, lentils, seasonal vegetables",Mild,"Plated, often on a thali",TRUE,FALSE,FALSE,TRUE,,File:Nepali Dal Bhat.JPG | Wikimedia Commons — Category:Dal bhat / Cuisine of Nepal,CC BY-SA 4.0,FALSE,,High,Base meal; variants add meat/fish/pickle Filename confirmed via Commons search; not live URL-verified (see resolver script).
2,Khichdi,खिचडी,Khichadi,"Rice and lentils cooked together into a soft porridge-like dish, common comfort/festival food.",Main Course,Rice Dish,Pan-Nepali,National,,Unknown / Mixed,Lunch/Dinner,Vegetarian,"Rice, lentils, ghee, turmeric",Mild,"Bowl, with ghee and achar",TRUE,TRUE,FALSE,TRUE,,,,FALSE,,High,Eaten especially during Maghe Sankranti and illness recovery
3,Jaulo,जाउलो,,"A thin rice porridge, often given to the sick or infants.",Main Course,Porridge,Pan-Nepali,National,,Unknown / Mixed,Any,Vegetarian,"Rice, water/milk",None,Bowl,TRUE,FALSE,FALSE,FALSE,,,,FALSE,,Medium,
4,Dhido (Makai),मकैको ढिँडो,"Makai ko Dhido, Corn Dhido","A thick porridge made from boiling maize flour, a staple in the hills.",Main Course,Porridge,Hill-region,Hill Region,,Unknown / Mixed,Lunch/Dinner,Vegan,"Maize flour, water",None,Served with gundruk/curry/ghee,TRUE,FALSE,FALSE,TRUE,,"File:Dhido.jpg | Wikimedia Commons — Category:Food of Nepal (generic dhido, grain variant not specified)",CC BY-SA (see file page),FALSE,,High,Considered a healthy traditional staple Filename confirmed via Commons search; not live URL-verified.
5,Dhido (Kodo),कोदोको ढिँडो,"Kodo ko Dhido, Millet Dhido","Thick porridge made from finger millet flour, common in mid-hills.",Main Course,Porridge,Hill-region,Hill Region,,Gurung / Magar / Tamang (widely shared),Lunch/Dinner,Vegan,"Millet flour, water",None,Served with gundruk/curry/ghee,TRUE,FALSE,FALSE,TRUE,,,,FALSE,,High,
6,Dhido (Fapar),फापरको ढिँडो,Buckwheat Dhido,"Porridge made from buckwheat flour, common in higher hill/mountain areas.",Main Course,Porridge,Himalayan,Hill/Mountain Region,,Unknown / Mixed,Lunch/Dinner,Vegan,"Buckwheat flour, water",None,Served with curry/ghee,TRUE,FALSE,FALSE,FALSE,,,,FALSE,,Medium,
7,Chiura,चिउरा,"Beaten Rice, Flattened Rice","Flattened/beaten rice, eaten dry or soaked, a very common snack and travel food.",Snack,Rice Product,Pan-Nepali,National,,Unknown / Mixed,Breakfast/Snack,Vegan,Rice,None,"Plate, often with curd, achar, or Sel Roti",TRUE,FALSE,TRUE,TRUE,,,,FALSE,,High,Base for many combo dishes like Dahi Chiura
8,Dahi Chiura,दही चिउरा,Curd Beaten Rice,"Beaten rice served with fresh curd, a common breakfast/festival combo.",Breakfast,Combo Dish,Pan-Nepali / Madhesi,National,,Unknown / Mixed,Breakfast,Vegetarian,"Beaten rice, curd, sugar",None,Bowl,TRUE,TRUE,FALSE,TRUE,,File:Dahi Chiura1.jpg | Wikimedia Commons,CC BY-SA (see file page),FALSE,,High,Especially eaten during festivals and Tihar Filename confirmed via Commons search; not live URL-verified (see resolver script).
9,Bhuja,भुजा,Roasted Beaten Rice,"Roasted flattened rice snack, often mixed with spices/peanuts.",Snack,Rice Product,Pan-Nepali,National,,Unknown / Mixed,Snack,Vegan,"Beaten rice, oil, spices",Mild,Bowl/packet,TRUE,FALSE,TRUE,TRUE,,,,FALSE,,Medium,
10,Bhuteko Bhat,भुतेको भात,Fried Rice (Nepali style),"Rice stir-fried with vegetables/egg/meat, home-style leftover fried rice.",Main Course,Rice Dish,Pan-Nepali,National,,Unknown / Mixed,Lunch/Dinner,Vegetarian (meat/egg optional),"Cooked rice, vegetables, oil, spices",Mild,Plate,TRUE,FALSE,FALSE,TRUE,,,,FALSE,,Medium,
11,Nepali Pulao,नेपाली पुलाउ,"Tehri, Pulao",Spiced rice dish cooked with vegetables or meat and whole spices.,Main Course,Rice Dish,Pan-Nepali,National,,Unknown / Mixed,Lunch/Dinner,Vegetarian (meat optional),"Rice, whole spices, vegetables/meat, ghee",Mild-Medium,Plate,TRUE,TRUE,FALSE,TRUE,,,,FALSE,,High,
12,Tehri,तेह्री,Yellow Rice,"Turmeric-spiced fried rice with potatoes, a popular Terai/vegetarian festival dish.",Main Course,Rice Dish,Madhesi / Pan-Nepali,Terai,,Unknown / Mixed,Lunch,Vegan,"Rice, turmeric, potato, mustard oil",Mild-Medium,Plate,TRUE,TRUE,TRUE,TRUE,,,,FALSE,,High,
13,Kheer,खीर,Rice Pudding,"Sweet rice pudding cooked in milk with sugar and cardamom, common festival dessert.",Dessert,Sweet,Pan-Nepali,National,,Unknown / Mixed,Dessert,Vegetarian,"Rice, milk, sugar, cardamom",None,Bowl,TRUE,TRUE,FALSE,TRUE,,File:Kheer Khane Din .jpg | Wikimedia Commons — Category:Kheer / Food of Nepal,CC BY-SA 4.0,FALSE,,High,Filename confirmed via Commons search; not live URL-verified (see resolver script).
14,Steamed Momo,मम:,Momo,"Steamed dumplings filled with minced meat or vegetables, Nepal's most iconic snack.",Snack,Dumpling,Newari (adapted Pan-Nepali),National,Kathmandu Valley (origin association),Newar (popularized),Snack/Lunch/Dinner,Vegetarian/Non-Veg variants,"Flour dough, minced meat or vegetables, onion, spices",Mild-Medium,Plate with achar/tomato chutney,TRUE,FALSE,TRUE,TRUE,,"File:Momo, Nepal.JPG | Wikimedia Commons — Category:Momos in Nepal",CC BY-SA (see file page),FALSE,,High,Filename confirmed via Commons search; not live URL-verified (see resolver script).
15,Fried Momo,फ्राइड मम:,,"Steamed momo that is pan-fried or deep-fried after steaming, crispy exterior.",Snack,Dumpling,Pan-Nepali,National,,Unknown / Mixed,Snack,Vegetarian/Non-Veg variants,"Momo, oil",Mild-Medium,Plate with achar,TRUE,FALSE,TRUE,TRUE,,File:Fried Momo.jpg | Wikimedia Commons — Category:Momos in Nepal,CC BY-SA (see file page),FALSE,,High,Filename confirmed via Commons search; not live URL-verified.
16,Jhol Momo,झोल मम:,Soup Momo,"Momo served in a spicy, tangy sesame-tomato soup/broth.",Snack,Dumpling,Kathmandu street food,Kathmandu Valley,Kathmandu,Unknown / Mixed,Snack/Lunch,Vegetarian/Non-Veg variants,"Momo, tomato, sesame, timur, spices broth",Medium-Hot,Bowl with broth,TRUE,FALSE,TRUE,TRUE,,File:Jhol Momo.jpg | Wikimedia Commons — Category:Momos in Nepal,CC BY-SA (see file page),FALSE,,High,Filename confirmed via Commons search; not live URL-verified.
17,Kothey Momo,कोठे मम:,Pan-fried Momo,"Half-steamed, half-fried momo with a crisp base, cooked with a little water and oil in a pan.",Snack,Dumpling,Kathmandu street food,Kathmandu Valley,Kathmandu,Newar (associated),Snack,Vegetarian/Non-Veg variants,"Momo, oil, water",Mild-Medium,Plate with achar,TRUE,FALSE,TRUE,TRUE,,File:Kothey momo.JPG | Wikimedia Commons — Category:Momos in Nepal,CC BY-SA 3.0,FALSE,,High,Filename confirmed via Commons search; not live URL-verified.
18,C-Momo,सि-मम:,Chilli Momo,Fried momo tossed in a spicy Indo-Chinese style chilli-garlic sauce.,Snack,Dumpling,Modern Nepali fusion,National,Kathmandu (popularized),Unknown / Mixed,Snack,Vegetarian/Non-Veg variants,"Momo, chilli sauce, garlic, capsicum, onion",Hot,"Plate, tossed in sauce",FALSE,FALSE,TRUE,TRUE,,File:Fry C Momo.jpg | Wikimedia Commons — Category:Momos in Nepal,CC BY-SA (see file page),FALSE,,High,Modern restaurant/street food Filename confirmed via Commons search; not live URL-verified.
19,Chicken Momo,चिकेन मम:,,Momo filled with minced chicken.,Snack,Dumpling,Pan-Nepali,National,,Unknown / Mixed,Snack/Lunch,Non-Vegetarian,"Chicken mince, flour, onion, spices",Mild-Medium,Plate with achar,TRUE,FALSE,TRUE,TRUE,,File:Chicken Momo 1.jpg | Wikimedia Commons — Category:Cuisine of Nepal,CC BY-SA (see file page),FALSE,,High,Filename confirmed via Commons search; not live URL-verified (see resolver script).
20,Buff Momo,बफ मम:,Buffalo Momo,"Momo filled with minced buffalo meat, the most common non-veg momo in Nepal.",Snack,Dumpling,Pan-Nepali,National,,Unknown / Mixed,Snack/Lunch,Non-Vegetarian,"Buffalo mince, flour, onion, spices",Mild-Medium,Plate with achar,TRUE,FALSE,TRUE,TRUE,,File:Buff Momo.jpg | Wikimedia Commons — Category:Cuisine of Nepal,CC BY-SA (see file page),FALSE,,High,Filename confirmed via Commons search; not live URL-verified (see resolver script).
21,Veg Momo,भेज मम:,Vegetable Momo,Momo filled with finely chopped mixed vegetables and paneer/cabbage.,Snack,Dumpling,Pan-Nepali,National,,Unknown / Mixed,Snack/Lunch,Vegetarian,"Cabbage, carrot, paneer, flour",Mild-Medium,Plate with achar,TRUE,FALSE,TRUE,TRUE,,File:Veg Momo 1.jpg | Wikimedia Commons — Category:Momos in Nepal,CC BY-SA (see file page),FALSE,,High,Filename confirmed via Commons search; not live URL-verified.
22,Pork Momo,पोर्क मम:,,"Momo filled with minced pork, common among Rai/Limbu/Tamang communities and in Kathmandu eateries.",Snack,Dumpling,Kirat / Tamang associated,National,,Rai / Limbu / Tamang (common among),Snack/Lunch,Non-Vegetarian,"Pork mince, flour, onion, spices",Mild-Medium,Plate with achar,TRUE,FALSE,TRUE,TRUE,,,,FALSE,,Medium,
23,Open Momo,ओपन मम:,,"Momo served open-faced, topped with sauces, cheese, or chutney, a modern presentation.",Snack,Dumpling,Modern Nepali fusion,National,Kathmandu (popularized),Unknown / Mixed,Snack,Vegetarian/Non-Veg variants,"Momo, sauce, cheese/toppings",Mild-Hot,"Plate, open-topped",FALSE,FALSE,TRUE,TRUE,,,,FALSE,,Medium,Modern street food trend
24,Yomari,यःमरी,,"Steamed rice-flour dumpling shaped like a fig, filled with molasses (chaku) and sesame or khuwa, made during Yomari Punhi.",Dessert,Sweet Dumpling,Newari,Kathmandu Valley,Bhaktapur,Newar,Dessert/Festival,Vegetarian,"Rice flour, molasses (chaku), sesame",None,"Steamed, plated",TRUE,TRUE,FALSE,TRUE,,File:Yomari 1.jpg | Wikimedia Commons — Category:Yomari,CC BY-SA 4.0,FALSE,,High,Central to the Yomari Punhi festival Filename confirmed via Commons search; not live URL-verified (see resolver script).
25,Chatamari,चतामरी,Newari Pizza,"A thin rice-flour crepe topped with minced meat, egg, or vegetables, sometimes called 'Newari pizza'.",Snack,Rice Crepe,Newari,Kathmandu Valley,,Newar,Snack/Lunch,Vegetarian/Non-Veg variants,"Rice flour batter, meat/egg/vegetable toppings",Mild,Flat plate,TRUE,FALSE,TRUE,TRUE,,File:Meat Chatamari.jpg | Wikimedia Commons — search result,CC BY-SA 4.0,FALSE,,High,Filename confirmed via Commons search; not live URL-verified (see resolver script).
26,Bara,बरा,"Woh, Wo","Deep-fried lentil (black gram) patty, often topped with egg or minced meat.",Snack,Lentil Patty,Newari,Kathmandu Valley,,Newar,Snack/Lunch,Vegetarian/Non-Veg variants,"Black gram (urad dal), egg/meat optional",Mild-Medium,Plate,TRUE,TRUE,TRUE,TRUE,,File:Bara Np.jpg | Wikimedia Commons — Category:Cuisine of Nepal,CC BY-SA (see file page),FALSE,,High,Filename confirmed via Commons search; not live URL-verified (see resolver script).
27,Samay Baji,समय बजी,,"A ceremonial Newari platter of beaten rice, choila, egg, black soybean, ginger, and other side items.",Main Course,Meal Set,Newari,Kathmandu Valley,,Newar,Any/Festival,Non-Vegetarian (veg version exists),"Beaten rice, choila, boiled egg, black soybean, ginger, achar",Medium-Hot,"Platter, multiple small servings",TRUE,TRUE,FALSE,TRUE,,,,FALSE,,High,"Served at rituals, feasts, and Newari restaurants"
28,Buff Choila,भ्यागुते छोइला,Buffalo Choila,"Grilled/smoked spiced buffalo meat marinated with mustard oil and spices, a Newari specialty.",Main Course,Grilled/Marinated Meat,Newari,Kathmandu Valley,,Newar,Lunch/Dinner/Snack,Non-Vegetarian,"Buffalo meat, mustard oil, timur, chilli, spices",Hot,"Plate, room temperature",TRUE,FALSE,TRUE,TRUE,,File:Choila.jpg | Wikimedia Commons — Category:Cuisine of Nepal,CC BY-SA (see file page),FALSE,,High,Filename confirmed via Commons search; not live URL-verified (see resolver script).
29,Chicken Choila,कुखुराको छोइला,,Grilled spiced chicken version of choila.,Main Course,Grilled/Marinated Meat,Newari (adapted),National,,Newar (origin),Lunch/Dinner/Snack,Non-Vegetarian,"Chicken, mustard oil, timur, chilli, spices",Hot,Plate,TRUE,FALSE,TRUE,TRUE,,,,FALSE,,High,
30,Has Ko Choila,हाँसको छोइला,Duck Choila,"Choila made with duck meat, a traditional Newari variant.",Main Course,Grilled/Marinated Meat,Newari,Kathmandu Valley,,Newar,Lunch/Dinner,Non-Vegetarian,"Duck meat, mustard oil, timur, spices",Hot,Plate,TRUE,FALSE,FALSE,TRUE,,,,FALSE,,Medium,
31,Kachila,कचिला,,"Minced raw or lightly seared spiced buffalo meat dish, a Newari delicacy.",Main Course,Meat Dish,Newari,Kathmandu Valley,,Newar,Snack/Lunch,Non-Vegetarian,"Minced buffalo meat, mustard oil, ginger, spices",Medium-Hot,Small plate,TRUE,FALSE,FALSE,TRUE,,,,FALSE,,Medium,
32,Sapu Mhicha,सःपू म्ह्याचा,,A Newari dish of minced meat wrapped and steamed in buffalo lung/membrane lining.,Main Course,Steamed Meat,Newari,Kathmandu Valley,,Newar,Snack/Feast,Non-Vegetarian,"Minced buffalo meat, buffalo lung casing, spices",Medium,"Steamed, sliced",TRUE,TRUE,FALSE,FALSE,,,,FALSE,,Medium,Ceremonial/feast dish
33,Sanyakhuna,स्याः क्वः,,"A soup made from trotters/feet, spine bones and beaten rice, traditionally eaten postpartum.",Soup,Bone Soup,Newari,Kathmandu Valley,,Newar,Any,Non-Vegetarian,"Buffalo trotters/bones, beaten rice, spices",Mild,Bowl,TRUE,FALSE,FALSE,FALSE,,,,FALSE,,Medium,
34,Taas,तास,,"Fried slices of marinated meat, usually buffalo, served as a side or snack.",Snack,Fried Meat,Newari,Kathmandu Valley,,Newar,Snack,Non-Vegetarian,"Buffalo meat, spices, oil",Medium,Plate,TRUE,FALSE,TRUE,TRUE,,,,FALSE,,High,
35,Pukala,पुकला,,"Deep-fried buffalo meat pieces, a Newari feast dish.",Main Course,Fried Meat,Newari,Kathmandu Valley,,Newar,Feast,Non-Vegetarian,"Buffalo meat, oil, spices",Medium,Plate,TRUE,TRUE,FALSE,FALSE,,,,FALSE,,Medium,
36,Chhoyala,छ्वयला,Chhwela,"Grilled and spiced meat dish similar to choila, sometimes used interchangeably by name variation.",Main Course,Grilled Meat,Newari,Kathmandu Valley,,Newar,Lunch/Dinner,Non-Vegetarian,"Buffalo/goat meat, mustard oil, spices",Hot,Plate,TRUE,FALSE,FALSE,TRUE,,,,FALSE,,Medium,Regional spelling variant of Choila
37,Bhuti,भुटी,Black Soybean (cooked),"Boiled and lightly spiced black soybeans, a common side in Newari platters.",Side Dish,Legume Dish,Newari,Kathmandu Valley,,Newar,Side,Vegan,"Black soybeans, salt, spices",Mild,Small bowl,TRUE,FALSE,FALSE,TRUE,,,,FALSE,,High,Common component of Samay Baji
38,Aila,ऐला,,"Traditional Newari distilled alcohol, often rice or millet based.",Beverage,Alcohol,Newari,Kathmandu Valley,,Newar,Any/Ritual,Vegan,"Fermented grain, distilled",N/A,Small cup/shot,TRUE,TRUE,FALSE,FALSE,,,,FALSE,,Medium,Used in rituals and feasts
39,Thwon,थ्वं,Newari Rice Beer,Traditional fermented Newari rice beer.,Beverage,Fermented Alcohol,Newari,Kathmandu Valley,,Newar,Any/Ritual,Vegan,Fermented rice,N/A,Cup,TRUE,TRUE,FALSE,FALSE,,,,FALSE,,Medium,
40,Juju Dhau,जुजु धौ,"King Curd, King Yogurt","Rich, sweet set yogurt traditionally made in clay pots, famous from Bhaktapur.",Dessert,Dairy,Newari,Kathmandu Valley,Bhaktapur,Newar,Dessert/Snack,Vegetarian,"Buffalo milk, sugar, yogurt culture",None,Clay pot,TRUE,TRUE,TRUE,TRUE,,File:Juju Dhau.jpg | Wikimedia Commons,CC BY-SA (see file page),FALSE,,High,Bhaktapur is especially famous for this Filename confirmed via Commons search; not live URL-verified (see resolver script).
41,Lakhamari,लाखामरी,,"A crisp, deep-fried sweet bread shaped decoratively, made from refined flour and sugar syrup, a Newari wedding/festival sweet.",Dessert,Sweet Bread,Newari,Kathmandu Valley,Bhaktapur,Newar,Dessert/Festival,Vegetarian,"Refined flour, ghee, sugar syrup",None,Plate,TRUE,TRUE,FALSE,TRUE,,,,FALSE,,High,
42,Mari,मरि,Newari Sweet Bread,"A round sweet bread similar to a small cake, used in Newari feasts.",Dessert,Sweet Bread,Newari,Kathmandu Valley,,Newar,Dessert/Festival,Vegetarian,"Flour, sugar, ghee",None,Plate,TRUE,TRUE,FALSE,FALSE,,,,FALSE,,Low,
43,Wachipa,वाचिपा,,A fermented millet-based alcoholic beverage associated with hill/Kirat and Newari communities in different forms.,Beverage,Fermented Alcohol,Kirat / Newari,Hill Region,,Rai / Limbu / Newar,Any/Ritual,Vegan,Fermented millet,N/A,Cup,TRUE,TRUE,FALSE,FALSE,,,,FALSE,,Low,Regional variation in naming and preparation exists
44,Palu,पलु,,Newari-style boiled and seasoned beans/legume dish served as part of feast platters.,Side Dish,Legume Dish,Newari,Kathmandu Valley,,Newar,Side/Feast,Vegan,"Legumes, spices",Mild,Small bowl,TRUE,TRUE,FALSE,FALSE,,,,FALSE,,Low,
45,Ail Achar,अइल अचार,Garlic Achar,A pungent garlic-based pickle used in Newari cuisine.,Pickle/Achar,Achar,Newari,Kathmandu Valley,,Newar,Side,Vegan,"Garlic, mustard oil, spices",Hot,Small bowl,TRUE,FALSE,FALSE,FALSE,,,,FALSE,,Low,
46,Kwati,क्वाति,Nine Bean Soup,"A soup made from nine kinds of sprouted mixed beans, traditionally eaten during Gunla/Kwati Punhi festival.",Soup,Legume Soup,Newari (Pan-Nepali festival food),Kathmandu Valley,,"Newar (festival origin), eaten nationwide",Festival meal,Vegan,"Nine mixed sprouted beans, spices",Mild-Medium,Bowl,TRUE,TRUE,FALSE,TRUE,,File:Mixed bean kwati.jpg | Wikimedia Commons,CC BY-SA (see file page),FALSE,,High,Associated with Gunla month/monsoon season Filename confirmed via Commons search; not live URL-verified (see resolver script).
47,Pancha Kwa,पञ्च क्वः,Five Curry,A traditional Newari mixed meat curry using five different cuts/parts.,Main Course,Meat Curry,Newari,Kathmandu Valley,,Newar,Feast,Non-Vegetarian,"Buffalo meat (various cuts), spices",Medium,Bowl,TRUE,TRUE,FALSE,FALSE,,,,FALSE,,Low,Served at feasts (bhoj)
48,Swanpuka,स्वाँपुका,Stuffed Lung,"Buffalo lung stuffed with a rice-flour and spice mixture, boiled and sliced.",Main Course,Stuffed Meat,Newari,Kathmandu Valley,,Newar,Feast,Non-Vegetarian,"Buffalo lung, rice flour, spices",Medium,"Sliced, plated",TRUE,TRUE,FALSE,FALSE,,,,FALSE,,Low,
49,Chhwela,छ्वेला,,"Alternate name/preparation of grilled spiced meat, similar to choila.",Main Course,Grilled Meat,Newari,Kathmandu Valley,,Newar,Lunch/Dinner,Non-Vegetarian,"Meat, mustard oil, spices",Hot,Plate,TRUE,FALSE,FALSE,TRUE,,,,FALSE,,Low,Naming overlaps with Choila regionally
50,Thakali Khana Set,थकाली खाना सेट,"Thakali Set, Thakali Thali","A well-known thali featuring rice, dal, meat/vegetable curry, gundruk, and pickles, associated with the Thakali community.",Main Course,Meal Set,Thakali,Gandaki,Mustang,Thakali,Lunch/Dinner,Vegetarian/Non-Veg variants,"Rice, dal, meat/veg curry, gundruk, achar",Mild-Medium,Thali platter,TRUE,FALSE,FALSE,TRUE,,,,FALSE,,High,Popularized nationwide via Thakali restaurants
51,Thakali Aloo Achar,थकाली आलु अचार,,"A tangy, mustard-oil based potato pickle/side dish characteristic of Thakali cuisine.",Side Dish,Achar,Thakali,Gandaki,Mustang,Thakali,Side,Vegan,"Potato, mustard oil, timur, chilli",Medium-Hot,Small bowl,TRUE,FALSE,FALSE,TRUE,,,,FALSE,,High,
52,Marsi Rice,मार्सी चामल,Marshi Rice,"A prized local red/white rice variety grown in the Thakali/Mustang region, served as part of Thakali sets.",Main Course,Rice,Thakali,Gandaki,Mustang,Thakali,Lunch/Dinner,Vegan,Local mountain rice variety,None,Bowl,TRUE,FALSE,FALSE,TRUE,,,,FALSE,,Medium,
53,Thakali Karkalo,थकाली करकलो,Taro Leaf Curry (Thakali style),"Curry made from taro (colocasia) leaves, a Thakali/hill vegetable side.",Side Dish,Vegetable Curry,Thakali,Gandaki,Mustang,Thakali,Side,Vegan,"Taro leaves, mustard oil, spices",Mild-Medium,Small bowl,TRUE,FALSE,FALSE,TRUE,,,,FALSE,,Medium,
54,Thukpa,थुक्पा,,"A hearty noodle soup with vegetables and meat, of Tibetan-Sherpa origin, very popular nationwide.",Soup,Noodle Soup,Sherpa / Himalayan,Himalayan Region,Solukhumbu,Sherpa,Lunch/Dinner,Vegetarian/Non-Veg variants,"Noodles, meat/vegetables, broth, spices",Mild-Medium,Bowl,TRUE,FALSE,TRUE,TRUE,,"File:Thukpa, Tibetan noodle in Osaka, Japan.jpg | Wikimedia Commons — Category:Thukpa (dish photographed outside Nepal, same dish)",CC BY-SA (see file page),FALSE,,High,Filename confirmed via Commons search; not live URL-verified (see resolver script).
55,Tingmo,तिङ्मो,Tibetan Steamed Bread,"Soft steamed bread rolls, typically eaten with stews, of Tibetan-Sherpa origin.",Bread,Steamed Bread,Sherpa / Himalayan,Himalayan Region,Solukhumbu,Sherpa,Lunch/Dinner,Vegan,"Flour, yeast, water",None,"Basket, with curry",TRUE,FALSE,FALSE,TRUE,,,,FALSE,,High,
56,Shyakpa,शाक्पा,Sherpa Stew,"A hearty Sherpa stew of meat, potatoes, and vegetables.",Main Course,Stew,Sherpa,Himalayan Region,Solukhumbu,Sherpa,Lunch/Dinner,Non-Vegetarian,"Meat, potato, vegetables, spices",Mild,Bowl,TRUE,FALSE,FALSE,FALSE,,,,FALSE,,Medium,
57,Riki Kur,रिकी कुर,Sherpa Potato Pancake,A pan-fried potato pancake/bread eaten in Sherpa/Himalayan households.,Snack,Pancake,Sherpa,Himalayan Region,Solukhumbu,Sherpa,Snack/Breakfast,Vegan,"Grated potato, flour",Mild,Plate,TRUE,FALSE,FALSE,FALSE,,,,FALSE,,Low,
58,Sha Phaley,शा फाले,Tibetan Meat Pastry,"Pan-fried bread stuffed with minced meat and cabbage, of Tibetan origin found in Himalayan Nepal.",Snack,Stuffed Bread,Tibetan / Himalayan,Himalayan Region,,Sherpa (common among),Snack,Non-Vegetarian,"Flour, minced meat, cabbage",Mild-Medium,Plate,TRUE,FALSE,TRUE,TRUE,,File:Tibetan snack Syabhaley in Nepal.jpg | Wikimedia Commons — Category:Sha phaley (Nepal-specific photo),CC BY-SA (see file page),FALSE,,Medium,Filename confirmed via Commons search; not live URL-verified.
59,Gyathuk,ग्याथुक,Hand-pulled Noodle Soup,A hearty hand-pulled wide noodle soup of Tibetan-Himalayan origin.,Soup,Noodle Soup,Sherpa / Himalayan,Himalayan Region,,Sherpa,Lunch/Dinner,Non-Vegetarian,"Hand-pulled noodles, meat, broth",Mild-Medium,Bowl,TRUE,FALSE,FALSE,TRUE,,,,FALSE,,Medium,
60,Tsampa,चाम्पा,Roasted Barley Flour,"Roasted barley flour, a Himalayan staple often mixed with butter tea.",Main Course,Grain Product,Sherpa / Himalayan,Himalayan Region,,Sherpa,Breakfast,Vegan,Roasted barley flour,None,"Bowl, mixed with tea/butter",TRUE,FALSE,FALSE,FALSE,,,,FALSE,,Medium,
61,Butter Tea,पो चा,"Po Cha, Sherpa Butter Tea","Tea churned with yak butter and salt, a Himalayan staple beverage.",Beverage,Tea,Sherpa / Himalayan,Himalayan Region,,Sherpa,Any,Vegetarian,"Tea leaves, yak butter, salt",None,Cup,TRUE,FALSE,FALSE,TRUE,,File:Tibetan butter tea.jpg | Wikimedia Commons,CC BY-SA (see file page),FALSE,,High,Filename confirmed via Commons search; not live URL-verified.
62,Chhurpi,छुर्पी,Yak Cheese,"Hardened dried cheese made from yak or chauri milk, chewed as a snack or used in cooking.",Snack,Dairy,Sherpa / Himalayan,Himalayan Region,,Sherpa,Snack,Vegetarian,Yak/chauri milk,None,"Chunks, chewed",TRUE,FALSE,FALSE,TRUE,,,,FALSE,,High,
63,Dresi,द्रेसी,Sherpa Sweet Rice,"A sweet rice dish with dried fruits, prepared for Sherpa festivals.",Dessert,Sweet Rice,Sherpa,Himalayan Region,,Sherpa,Festival,Vegetarian,"Rice, dried fruits, sugar, ghee",None,Bowl,TRUE,TRUE,FALSE,FALSE,,,,FALSE,,Low,
64,Tamang Selroti,तामाङ सेलरोटी,,A Tamang community variation of the traditional ring-shaped rice bread.,Snack,Sweet Bread,Tamang,Hill Region,,Tamang,Snack/Festival,Vegan,"Rice flour, sugar, oil",None,Plate,TRUE,TRUE,TRUE,FALSE,,,,FALSE,,Low,Naming/variation overlaps with general Sel Roti
65,Sinki Soup,सिन्की झोल,Fermented Radish Soup,"A sour soup made from sun-dried and fermented radish, common among Tamang and hill communities.",Soup,Fermented Vegetable Soup,Tamang / Hill-region,Hill Region,,Tamang (strongly associated),Lunch/Dinner,Vegan,"Fermented radish, spices",Mild-Medium,Bowl,TRUE,FALSE,FALSE,TRUE,,File:Sinki ko jhol (Fermented radish soup).jpg | Wikimedia Commons,CC BY-SA 4.0,FALSE,,High,Filename confirmed via Commons search; not live URL-verified (see resolver script).
66,Tama Bodi Aloo,तामा बोडी आलु,Bamboo Shoot Bean Potato Curry,"A curry combining fermented bamboo shoots, black-eyed beans, and potatoes, popular across hill communities.",Main Course,Vegetable Curry,Hill-region / Tamang,Hill Region,,Tamang / Gurung (common among),Lunch/Dinner,Vegan,"Bamboo shoots, black-eyed peas, potato, spices",Medium,Bowl,TRUE,FALSE,FALSE,TRUE,,,,FALSE,,High,
67,Kinema,किनेमा,Fermented Soybean,"A pungent fermented soybean product used as a base for curries, strongly associated with Kirat (Rai/Limbu) communities of eastern Nepal.",Main Course/Ingredient,Fermented Food,Kirat,Koshi / Eastern Hills,,Rai / Limbu,Lunch/Dinner,Vegan,"Fermented soybean, spices",Medium,"Bowl, curry form",TRUE,FALSE,FALSE,FALSE,,File:Original Kinema-nepal.jpg | Wikimedia Commons — Category:Kinema,CC BY-SA (see file page),FALSE,,High,Filename confirmed via Commons search; not live URL-verified (see resolver script).
68,Kinema Achar,किनेमा अचार,,"A pickle/side made from fermented soybean (kinema), spices, and mustard oil.",Pickle/Achar,Achar,Kirat,Koshi / Eastern Hills,,Rai / Limbu,Side,Vegan,"Kinema, mustard oil, chilli, spices",Medium-Hot,Small bowl,TRUE,FALSE,FALSE,FALSE,,,,FALSE,,Medium,
69,Yangben,याङ्बेन,Fermented Bamboo Shoot Soup,A traditional Limbu soup made from fermented bamboo shoots.,Soup,Fermented Vegetable Soup,Kirat,Koshi / Eastern Hills,,Limbu,Lunch/Dinner,Vegan,"Fermented bamboo shoot, spices",Medium,Bowl,TRUE,FALSE,FALSE,FALSE,,,,FALSE,,Medium,
70,Tongba,तोङ्बा,Millet Beer,"Fermented millet served hot in a wooden vessel, sipped through a bamboo straw; a signature Limbu beverage.",Beverage,Fermented Alcohol,Kirat,Koshi / Eastern Hills,Ilam,Limbu,Any,Vegan,"Fermented millet, hot water",N/A,Wooden vessel with bamboo straw,TRUE,TRUE,TRUE,TRUE,,,,FALSE,,High,
71,Sishnu Soup,सिस्नु स्याउ,Nettle Soup,"A soup made from stinging nettle leaves, common in hill and Kirat communities, valued for nutrition.",Soup,Vegetable Soup,Hill-region / Kirat,Hill Region,,Rai / Limbu / other hill communities,Lunch/Dinner,Vegan,"Nettle leaves, spices",Mild,Bowl,TRUE,FALSE,FALSE,TRUE,,,,FALSE,,High,
72,Faapar Roti,फापर रोटी,Buckwheat Flatbread,"Flatbread made from buckwheat flour, common in the eastern hills.",Bread,Flatbread,Kirat / Hill-region,Hill Region,,Rai / Limbu,Breakfast/Lunch,Vegan,"Buckwheat flour, water",None,Plate,TRUE,FALSE,FALSE,FALSE,,,,FALSE,,Medium,
73,Gurung Bhatti Set,गुरुङ भट्टी खाना,,"A rustic hill meal set (dhido, gundruk, local vegetables) traditionally served in Gurung teahouses (bhatti) along trekking routes.",Main Course,Meal Set,Gurung,Gandaki,Kaski / Lamjung,Gurung,Lunch/Dinner,Vegetarian/Non-Veg variants,"Dhido, gundruk, local vegetables, meat optional",Mild-Medium,Thali,TRUE,FALSE,FALSE,TRUE,,,,FALSE,,Medium,
74,Magar Roti Tarkari,मगर रोटी तरकारी,,"A simple hill meal of millet/wheat flatbread with vegetable curry, common among Magar households.",Main Course,Meal Set,Magar,Hill Region,,Magar,Lunch/Dinner,Vegetarian,"Roti, seasonal vegetable curry",Mild,Plate,TRUE,FALSE,FALSE,FALSE,,,,FALSE,,Low,
75,Ghonghi,घोंघी,Snail Curry,"A spicy curry made from freshwater snails, a Tharu community delicacy from the Terai.",Main Course,Curry,Tharu,Terai,Chitwan / Dang,Tharu,Lunch/Dinner,Non-Vegetarian (mollusk),"Freshwater snails, mustard oil, spices",Medium-Hot,Bowl,TRUE,FALSE,FALSE,TRUE,,,,FALSE,,High,
76,Dhikri,धिक्री,,"Steamed rice-flour dumplings, sometimes fried afterward, a traditional Tharu dish.",Snack,Steamed Dumpling,Tharu,Terai,Dang / Kailali,Tharu,Snack/Festival,Vegan,"Rice flour, water, spices",Mild,"Plate, steamed or fried",TRUE,TRUE,FALSE,TRUE,,,,FALSE,,High,
77,Bagiya,बगिया,,"Steamed rice-flour dumplings filled with lentil or sesame paste, a Tharu festival food.",Snack,Steamed Dumpling,Tharu,Terai,,Tharu,Snack/Festival,Vegetarian,"Rice flour, lentil/sesame filling",Mild,Plate,TRUE,TRUE,FALSE,FALSE,,File:Bagiya.jpg | Wikimedia Commons — Category:Cuisine of Nepal,CC BY-SA (see file page),FALSE,,Medium,Filename confirmed via Commons search; not live URL-verified (see resolver script).
78,Sidhra,सिधरा,Dried Fish,"Sun-dried fish, often used in curries, a Tharu preserved food staple.",Ingredient/Main Course,Dried/Preserved Food,Tharu,Terai,,Tharu,Lunch/Dinner,Non-Vegetarian,"Sun-dried fish, spices",Medium-Hot,"Bowl, curry form",TRUE,FALSE,FALSE,FALSE,,,,FALSE,,Medium,
79,Peenva,पीन्भा,,A Tharu dish of jute leaves or seasonal greens cooked with minimal spices.,Side Dish,Vegetable Dish,Tharu,Terai,,Tharu,Side,Vegan,"Jute/seasonal leaves, mustard oil",Mild,Small bowl,TRUE,FALSE,FALSE,FALSE,,,,FALSE,,Low,
80,Dhuska,धुस्का,,"Deep-fried rice and lentil flour fritters/pancakes, popular Tharu and Terai snack.",Snack,Fritter,Tharu,Terai,,Tharu,Snack/Breakfast,Vegan,"Rice flour, lentil flour, oil",Mild,"Plate, with chutney",TRUE,TRUE,TRUE,TRUE,,,,FALSE,,High,
81,Tharu Achar,थारु अचार,,"A tangy mustard-oil pickle characteristic of Tharu households, often made from local vegetables.",Pickle/Achar,Achar,Tharu,Terai,,Tharu,Side,Vegan,"Seasonal vegetable, mustard oil, spices",Medium-Hot,Small bowl,TRUE,FALSE,FALSE,FALSE,,,,FALSE,,Low,
82,Litti Chokha,लिट्टी चोखा,,"Roasted stuffed wheat balls filled with roasted gram flour, served with mashed spiced vegetables (chokha).",Main Course,Baked/Roasted Bread,Maithili / Bhojpuri,Terai / Madhesh,,Maithil / Bhojpuri,Lunch/Dinner,Vegetarian,"Wheat flour, roasted gram flour (sattu), potato, eggplant",Medium,Plate,TRUE,FALSE,TRUE,TRUE,,File:Litti Chokha.jpg | Wikimedia Commons — Category:Litti (cuisine),CC BY-SA (see file page),FALSE,,High,Filename confirmed via Commons search; not live URL-verified (see resolver script).
83,Chana Ghugni,चना घुघनी,Ghugni,"A spiced curry made from dried white peas or chickpeas, popular Terai street/snack food.",Snack,Legume Curry,Madhesi / Terai,Terai,,Unknown / Mixed,Snack,Vegan,"Dried peas/chickpeas, spices",Medium,Bowl,TRUE,FALSE,TRUE,TRUE,,File:Chana Fry.jpg | Wikimedia Commons — Category:Cuisine of Nepal,CC BY-SA (see file page),FALSE,,High,Filename confirmed via Commons search; not live URL-verified (see resolver script).
84,Thekuwa,ठेकुवा,,"A deep-fried, semi-sweet wheat flour cookie/snack, an essential Chhath festival food.",Dessert,Fried Sweet,Maithili / Bhojpuri,Terai / Madhesh,,Maithil / Bhojpuri,Festival,Vegan,"Wheat flour, jaggery, ghee",None,Plate,TRUE,TRUE,FALSE,TRUE,,,,FALSE,,High,Central to Chhath Puja
85,Anarsa,अनरसा,,"A sweet fried rice-flour cookie coated in sesame seeds, popular in the Terai.",Dessert,Fried Sweet,Madhesi / Terai,Terai,,Unknown / Mixed,Dessert/Festival,Vegetarian,"Rice flour, jaggery, sesame seeds",None,Plate,TRUE,TRUE,FALSE,TRUE,,File:Anarsha.jpg | Wikimedia Commons — Category:Cuisine of Nepal,CC BY-SA (see file page),FALSE,,Medium,Filename confirmed via Commons search; not live URL-verified (see resolver script).
86,Malpuwa,मालपुवा,,"Sweet fried pancakes soaked in sugar syrup, common Terai dessert during festivals.",Dessert,Fried Sweet,Madhesi / Terai,Terai,,Unknown / Mixed,Dessert/Festival,Vegetarian,"Flour, milk, sugar syrup",None,Plate,TRUE,TRUE,FALSE,TRUE,,,,FALSE,,High,
87,Puri Sabji,पुरी सब्जी,Puri Tarkari,"Deep-fried puffed bread served with a spiced potato curry, popular breakfast across the Terai and nationwide.",Breakfast,Bread + Curry,Madhesi / Pan-Nepali,Terai / National,,Unknown / Mixed,Breakfast,Vegetarian,"Wheat flour, potato, spices",Mild-Medium,Plate,TRUE,FALSE,TRUE,TRUE,,File:Puri Tarkari.jpg | Wikimedia Commons,CC BY-SA (see file page),FALSE,,High,Filename confirmed via Commons search; not live URL-verified.
88,Kachori,कचौरी,,"Deep-fried stuffed flour balls with a spiced lentil filling, a popular Terai snack.",Snack,Fried Snack,Madhesi / Terai,Terai,,Unknown / Mixed,Snack/Breakfast,Vegetarian,"Flour, spiced lentil filling",Medium,Plate,TRUE,FALSE,TRUE,TRUE,,,,FALSE,,High,
89,Aloo Puri,आलु पुरी,,"Puri served with a spiced potato curry, a common breakfast/street combo.",Breakfast,Bread + Curry,Pan-Nepali / Madhesi,National,,Unknown / Mixed,Breakfast,Vegetarian,"Wheat flour, potato, spices",Mild-Medium,Plate,TRUE,FALSE,TRUE,TRUE,,,,FALSE,,High,
90,Sattu Paratha,सत्तु पराठा,,"A pan-fried flatbread stuffed with roasted gram flour (sattu), popular in the Terai belt.",Breakfast,Stuffed Flatbread,Madhesi / Bhojpuri,Terai,,Bhojpuri,Breakfast,Vegan,"Wheat flour, sattu, spices",Medium,Plate,TRUE,FALSE,FALSE,TRUE,,,,FALSE,,Medium,
91,Pua,पुवा,,"A sweet fried rice/flour pancake, similar to malpuwa, made during Terai festivals.",Dessert,Fried Sweet,Maithili,Terai / Madhesh,,Maithil,Dessert/Festival,Vegetarian,"Rice/wheat flour, sugar, milk",None,Plate,TRUE,TRUE,FALSE,FALSE,,,,FALSE,,Low,
92,Dahi Bara,दही बरा,Dahi Vada,"Lentil dumplings soaked in seasoned yogurt, a popular Terai snack.",Snack,Lentil Dumpling,Madhesi / Terai,Terai,,Unknown / Mixed,Snack,Vegetarian,"Urad dal, yogurt, spices",Mild-Medium,Bowl,TRUE,FALSE,TRUE,TRUE,,,,FALSE,,High,
93,Chana Chatpat,चना चटपट,,"A tangy spiced chickpea street snack mixed with onions, tomato, and chutneys.",Snack,Chaat,Madhesi / Pan-Nepali,National,,Unknown / Mixed,Snack,Vegan,"Chickpeas, onion, tomato, spices, chutney",Medium-Hot,Bowl/plate,TRUE,FALSE,TRUE,TRUE,,,,FALSE,,High,
94,Khaja Set (Terai),खाजा सेट,Terai Khaja,"A savory snack platter common in the Terai, often including flattened rice, fried items, and vegetables.",Snack,Meal Set,Madhesi / Terai,Terai,,Unknown / Mixed,Snack,Vegetarian/Non-Veg variants,"Beaten rice, fried snacks, vegetables",Mild-Medium,Platter,TRUE,FALSE,TRUE,TRUE,,,,FALSE,,Low,
95,Panipuri,पानीपुरी,"Golgappa, Fuchka","Crisp hollow puris filled with spiced tamarind/mint water and potato-chickpea filling, ubiquitous street snack.",Snack,Chaat,"Pan-Nepali (Indian-origin, localized)",National,,Unknown / Mixed,Snack,Vegan,"Semolina puris, tamarind water, potato, chickpeas",Medium-Hot,"Plate, eaten immediately",FALSE,FALSE,TRUE,TRUE,,,,FALSE,,High,
96,Chatpate,चटपटे,,"A tangy-spicy puffed rice snack mixed with potato, chickpeas, onion, and tamarind sauce, extremely popular street food.",Snack,Chaat,Nepali street food,National,Kathmandu (popularized),Unknown / Mixed,Snack,Vegan,"Puffed rice, potato, chickpeas, spices, tamarind",Hot,Plate/cup,FALSE,FALSE,TRUE,TRUE,,File:Chatpate.jpg | Wikimedia Commons,CC BY-SA 4.0,FALSE,,High,Filename confirmed via Commons search; not live URL-verified (see resolver script).
97,Aloo Chop,आलु चप,Potato Chop,"Deep-fried mashed potato patty/fritter, a common street snack.",Snack,Fritter,Pan-Nepali,National,,Unknown / Mixed,Snack,Vegan,"Mashed potato, gram flour, spices",Mild-Medium,Plate,TRUE,FALSE,TRUE,TRUE,,,,FALSE,,High,
98,Samosa,समोसा,,"Deep-fried pastry triangles stuffed with spiced potatoes and peas, a popular snack across Nepal.",Snack,Fried Pastry,"Pan-Nepali (South Asian-origin, localized)",National,,Unknown / Mixed,Snack,Vegan,"Flour pastry, potato, peas, spices",Medium,"Plate, with chutney",TRUE,FALSE,TRUE,TRUE,,"File:2015-3 Budhanilkantha,Nepal-DSCF5263.JPG | Wikimedia Commons — Category:Samosas",CC BY-SA (see file page),FALSE,,High,Filename confirmed via Commons search; not live URL-verified (see resolver script).
99,Pakauda,पकौडा,"Pakoda, Fritters","Vegetable fritters dipped in gram-flour batter and deep-fried, common tea-time snack.",Snack,Fritter,Pan-Nepali,National,,Unknown / Mixed,Snack,Vegan,"Vegetables, gram flour, spices",Medium,Plate,TRUE,FALSE,TRUE,TRUE,,,,FALSE,,High,
100,Bhatmas Sadeko,भटमास सादेको,Soybean Salad,"A tangy, spicy salad of roasted soybeans mixed with onion, tomato, and mustard oil.",Snack,Salad,Pan-Nepali,National,,Unknown / Mixed,Snack/Appetizer,Vegan,"Roasted soybeans, onion, tomato, mustard oil, spices",Medium-Hot,Bowl,TRUE,FALSE,TRUE,TRUE,,File:Bhatmas Sadheko.jpg | Wikimedia Commons — Category:Food of Nepal,CC BY-SA (see file page),FALSE,,High,Filename confirmed via Commons search; not live URL-verified.
101,Buff Sekuwa,भ्यागुते सेकुवा,Buffalo Sekuwa,"Skewered, marinated, and grilled/smoked buffalo meat, a popular Nepali barbecue-style dish.",Main Course,Grilled Meat,Pan-Nepali,National,,Unknown / Mixed,Snack/Dinner,Non-Vegetarian,"Buffalo meat, mustard oil, spices",Medium-Hot,"Plate, skewered or chopped",TRUE,FALSE,TRUE,TRUE,,File:Buff Sekuwa with Puff Rice.jpg | Wikimedia Commons — Category:Cuisine of Nepal,CC BY-SA (see file page),FALSE,,High,Filename confirmed via Commons search; not live URL-verified (see resolver script).
102,Chicken Sekuwa,कुखुराको सेकुवा,,"Skewered, marinated, and grilled chicken.",Main Course,Grilled Meat,Pan-Nepali,National,,Unknown / Mixed,Snack/Dinner,Non-Vegetarian,"Chicken, mustard oil, spices",Medium-Hot,"Plate, skewered",TRUE,FALSE,TRUE,TRUE,,File:Sekuwa Set.jpg | Wikimedia Commons,CC BY-SA (see file page),FALSE,,High,Filename confirmed via Commons search; not live URL-verified (see resolver script).
103,Chowmein,चाउमिन,,"Stir-fried noodles with vegetables and/or meat, an Indo-Chinese dish extremely popular as Nepali street/restaurant food.",Main Course,Noodle Dish,"Modern Nepali (Chinese-origin, localized)",National,,Unknown / Mixed,Lunch/Dinner/Snack,Vegetarian/Non-Veg variants,"Noodles, vegetables, meat/egg, soy sauce",Mild-Medium,Plate,FALSE,FALSE,TRUE,TRUE,,File:Chow Mein.jpg | Wikimedia Commons — Category:Cuisine of Nepal,CC BY-SA (see file page),FALSE,,High,Filename confirmed via Commons search; not live URL-verified (see resolver script).
104,Egg Chop,अन्डा चप,,"A boiled egg coated in spiced mashed potato and deep-fried, a popular street snack.",Snack,Fritter,Nepali street food,National,,Unknown / Mixed,Snack,Vegetarian,"Boiled egg, mashed potato, gram flour",Medium,Plate,FALSE,FALSE,TRUE,TRUE,,,,FALSE,,Medium,
105,Veg Chop,भेज चप,Vegetable Chop,"A deep-fried mashed vegetable patty, common street snack.",Snack,Fritter,Nepali street food,National,,Unknown / Mixed,Snack,Vegan,"Mixed vegetables, gram flour, spices",Mild-Medium,Plate,FALSE,FALSE,TRUE,TRUE,,,,FALSE,,Medium,
106,Chukauni,चुकौनी,,"A tangy potato salad dressed with mustard oil, yogurt, and Timur (Sichuan pepper), a Karnali/hill specialty.",Side Dish,Salad,Karnali / Hill-region,Karnali,,Unknown / Mixed,Side/Snack,Vegetarian,"Potato, yogurt, mustard oil, timur",Medium,Bowl,TRUE,FALSE,FALSE,TRUE,,,,FALSE,,High,
107,Laphing,लाफिङ,,"Cold, spicy mung bean/wheat starch noodles of Tibetan origin, now a very popular Kathmandu street food, especially in summer.",Snack,Cold Noodle,Tibetan (adapted street food),National,Kathmandu (popularized),Unknown / Mixed,Snack,Vegetarian/Non-Veg variants,"Mung bean/wheat starch jelly, chilli oil, sauces",Hot,"Plate/box, cold",FALSE,FALSE,TRUE,TRUE,,,,FALSE,,High,
108,Wai Wai Sadeko,वाई वाई सादेको,,"Crushed instant noodles (dry, uncooked) tossed with onion, tomato, chilli, and lime; a popular quick snack.",Snack,Salad,Modern Nepali street food,National,,Unknown / Mixed,Snack,Vegan,"Instant noodles (dry), onion, tomato, spices, lime",Medium-Hot,Bowl,FALSE,FALSE,TRUE,TRUE,,,,FALSE,,High,
109,Fried Fish (Nepali Street Style),फ्राइड माछा,"Sukuti Fish, Fried Machha","Deep-fried spiced fish, popular around river towns and city street stalls.",Snack,Fried Fish,Pan-Nepali,National,,Unknown / Mixed,Snack/Dinner,Non-Vegetarian,"Fish, spices, oil",Medium-Hot,Plate,TRUE,FALSE,TRUE,TRUE,,,,FALSE,,Medium,
110,Khasi Ko Masu,खसीको मासु,Mutton Curry (Goat),"A rich spiced curry made from castrated male goat meat, a prized meat dish for special occasions.",Main Course,Meat Curry,Pan-Nepali,National,,Unknown / Mixed,Lunch/Dinner,Non-Vegetarian,"Goat meat, mustard oil, whole spices",Medium-Hot,Bowl,TRUE,TRUE,FALSE,TRUE,,,,FALSE,,High,Especially prepared for festivals and guests
111,Kukhura Ko Masu,कुखुराको मासु,Chicken Curry,"A home-style spiced chicken curry, one of the most common non-veg dishes in Nepal.",Main Course,Meat Curry,Pan-Nepali,National,,Unknown / Mixed,Lunch/Dinner,Non-Vegetarian,"Chicken, onion, tomato, spices",Medium,Bowl,TRUE,FALSE,FALSE,TRUE,,"File:Chicken curry.jpg | Wikimedia Commons (generic chicken curry, not Nepal-specific photo)",CC BY-SA 2.0,FALSE,,High,"Filename confirmed via Commons search; generic (non-Nepal-specific) photo, low visual specificity; not live URL-verified."
112,Buff Ko Masu,भ्यागुतेको मासु,Buffalo Meat Curry,"A spiced buffalo meat curry, one of the most commonly eaten meats in Nepal due to affordability.",Main Course,Meat Curry,Pan-Nepali,National,,Unknown / Mixed,Lunch/Dinner,Non-Vegetarian,"Buffalo meat, onion, tomato, spices",Medium,Bowl,TRUE,FALSE,FALSE,TRUE,,,,FALSE,,High,
113,Has Ko Masu,हाँसको मासु,Duck Curry,"A spiced curry made from duck meat, more common in Newari and Terai households.",Main Course,Meat Curry,Newari / Terai,National,,Newar (associated),Lunch/Dinner,Non-Vegetarian,"Duck meat, spices",Medium,Bowl,TRUE,FALSE,FALSE,FALSE,,,,FALSE,,Medium,
114,Bhutuwa,भुटुवा,,"Dry-fried, spiced meat (usually goat or buffalo), stir-fried rather than in gravy.",Main Course,Fried Meat,Pan-Nepali,National,,Unknown / Mixed,Lunch/Dinner,Non-Vegetarian,"Meat, onion, spices, oil",Medium-Hot,Plate,TRUE,FALSE,FALSE,TRUE,,,,FALSE,,High,
115,Sukuti,सुकुटी,Dried Meat Jerky,"Sun-dried, smoked strips of meat (usually buffalo), rehydrated and cooked into a spicy dish, or eaten as jerky.",Snack/Main Course,Dried/Preserved Meat,Pan-Nepali (hill origin),Hill Region,,Unknown / Mixed,Snack/Dinner,Non-Vegetarian,"Dried buffalo meat, mustard oil, spices",Hot,Plate,TRUE,FALSE,TRUE,TRUE,,,,FALSE,,High,
116,Kalezi,कलेजी,Liver Fry,"Spiced, fried goat or buffalo liver, a popular appetizer with alcohol.",Snack,Organ Meat,Pan-Nepali,National,,Unknown / Mixed,Snack/Appetizer,Non-Vegetarian,"Liver, spices, oil",Medium-Hot,Plate,TRUE,FALSE,FALSE,TRUE,,,,FALSE,,Medium,
117,Masu Ko Achar,मासुको अचार,Meat Pickle,"A spicy, tangy pickle-style preparation of cooked meat mixed with mustard oil and spices.",Pickle/Achar,Meat Achar,Pan-Nepali,National,,Unknown / Mixed,Side/Snack,Non-Vegetarian,"Cooked meat, mustard oil, spices",Hot,Small bowl,TRUE,FALSE,FALSE,TRUE,,,,FALSE,,Medium,
118,Khutta Ko Jhol,खुट्टाको झोल,Trotter Soup,"A slow-cooked soup made from goat or buffalo trotters, considered warming and nutritious.",Soup,Bone Soup,Pan-Nepali,National,,Unknown / Mixed,Dinner,Non-Vegetarian,"Trotters, spices, bones",Medium,Bowl,TRUE,FALSE,FALSE,TRUE,,,,FALSE,,Medium,
119,Bheda Ko Masu,भेडाको मासु,Sheep/Lamb Curry,"A spiced curry made from sheep meat, more common in Himalayan/high-hill regions.",Main Course,Meat Curry,Himalayan / Hill-region,Hill/Mountain Region,,Unknown / Mixed,Lunch/Dinner,Non-Vegetarian,"Sheep meat, spices",Medium,Bowl,TRUE,FALSE,FALSE,FALSE,,,,FALSE,,Medium,
120,Machha Ko Achar,माछाको अचार,Fish Pickle,Fried fish mixed with a tangy mustard-oil and spice marinade.,Pickle/Achar,Fish Achar,Pan-Nepali,National,,Unknown / Mixed,Side/Snack,Non-Vegetarian,"Fried fish, mustard oil, spices",Medium-Hot,Small bowl,TRUE,FALSE,FALSE,TRUE,,,,FALSE,,Medium,
121,Machha Ko Jhol,माछाको झोल,Fish Curry,"A light, spiced fish curry, common in Terai and riverside communities.",Main Course,Fish Curry,Madhesi / Terai / Pan-Nepali,Terai,,Unknown / Mixed,Lunch/Dinner,Non-Vegetarian,"Fish, tomato, spices",Medium,Bowl,TRUE,FALSE,FALSE,TRUE,,,,FALSE,,High,
122,Sidra Ko Achar,सिधराको अचार,Dried Fish Pickle,"A pungent pickle made from dried fish, mustard oil, and chilli, common Tharu/Terai preparation.",Pickle/Achar,Fish Achar,Tharu / Terai,Terai,,Tharu (associated),Side,Non-Vegetarian,"Dried fish, mustard oil, spices",Hot,Small bowl,TRUE,FALSE,FALSE,FALSE,,,,FALSE,,Medium,
123,Aloo Tama,आलु तामा,Potato Bamboo Shoot Curry,"A tangy curry combining fermented bamboo shoots, potatoes, and black-eyed peas, a Nepali household favorite.",Main Course,Vegetable Curry,Pan-Nepali,National,,Unknown / Mixed,Lunch/Dinner,Vegan,"Fermented bamboo shoot, potato, black-eyed peas",Medium,Bowl,TRUE,FALSE,FALSE,TRUE,,File:Aloo Bodi Tama.jpg | Wikimedia Commons — Category:Cuisine of Nepal,CC BY-SA (see file page),FALSE,,High,Filename confirmed via Commons search; not live URL-verified (see resolver script).
124,Karkalo Ko Tarkari,करकलोको तरकारी,Taro Leaf Curry,"A curry made from taro (colocasia) leaves, common in hill households.",Side Dish,Vegetable Curry,Hill-region,Hill Region,,Unknown / Mixed,Side/Lunch,Vegan,"Taro leaves, mustard oil, spices",Mild-Medium,Bowl,TRUE,FALSE,FALSE,TRUE,,,,FALSE,,Medium,
125,Rayo Ko Saag,रायोको साग,Mustard Greens,"Stir-fried or lightly cooked mustard greens, a common household vegetable dish.",Side Dish,Leafy Green,Pan-Nepali,National,,Unknown / Mixed,Side/Lunch,Vegan,"Mustard greens, garlic, oil",Mild,Bowl,TRUE,FALSE,FALSE,TRUE,,File:Rayo Saag.jpg | Wikimedia Commons — Category:Saag,CC BY-SA (see file page),FALSE,,High,Filename confirmed via Commons search; not live URL-verified (see resolver script).
126,Palungo Saag,पालुङ्गो साग,Spinach,"Stir-fried spinach, a common household vegetable side.",Side Dish,Leafy Green,Pan-Nepali,National,,Unknown / Mixed,Side/Lunch,Vegan,"Spinach, garlic, oil",Mild,Bowl,TRUE,FALSE,FALSE,TRUE,,,,FALSE,,High,
127,Bhindi Ko Tarkari,भिन्डीको तरकारी,Okra Curry,A simple stir-fried or lightly spiced okra dish.,Side Dish,Vegetable Curry,Pan-Nepali,National,,Unknown / Mixed,Side/Lunch,Vegan,"Okra, onion, spices",Mild-Medium,Bowl,TRUE,FALSE,FALSE,TRUE,,,,FALSE,,High,
128,Ghiraula Ko Tarkari,घिरौलाको तरकारी,Ridge Gourd Curry,"A light curry made from ridge gourd, common summer household dish.",Side Dish,Vegetable Curry,Pan-Nepali,National,,Unknown / Mixed,Side/Lunch,Vegan,"Ridge gourd, spices",Mild,Bowl,TRUE,FALSE,FALSE,FALSE,,,,FALSE,,Medium,
129,Cauli Aloo Ko Tarkari,काउली आलुको तरकारी,Cauliflower Potato Curry,A common household curry combining cauliflower and potatoes.,Main Course,Vegetable Curry,Pan-Nepali,National,,Unknown / Mixed,Lunch/Dinner,Vegan,"Cauliflower, potato, spices",Mild-Medium,Bowl,TRUE,FALSE,FALSE,TRUE,,,,FALSE,,High,
130,Gundruk Ko Jhol,गुन्द्रुकको झोल,Fermented Leafy Green Soup,"A tangy soup made from dried fermented leafy greens (gundruk), a signature hill dish.",Soup,Fermented Vegetable Soup,Hill-region,Hill Region,,Unknown / Mixed,Lunch/Dinner,Vegan,"Gundruk, potato, tomato, spices",Medium,Bowl,TRUE,FALSE,FALSE,TRUE,,,,FALSE,,High,
131,Gundruk,गुन्द्रुक,,"Fermented and sun-dried leafy greens (mustard/radish/cauliflower leaves), a signature Nepali preserved food, eaten as side, soup, or pickle.",Ingredient/Side Dish,Fermented Food,Hill-region / Pan-Nepali,Hill Region,,Unknown / Mixed,Side/Lunch,Vegan,"Fermented, dried leafy greens",Mild-Medium,Bowl,TRUE,FALSE,FALSE,TRUE,,File:Gundruk NP.jpg | Wikimedia Commons — Category:Gundruk,CC BY-SA (see file page),FALSE,,High,Considered a national dish/symbol Filename confirmed via Commons search; not live URL-verified (see resolver script).
132,Kalo Dal,कालो दाल,Black Lentil Soup,"A soup made from whole black lentils (maas dal), rich and hearty.",Soup,Lentil Soup,Pan-Nepali,National,,Unknown / Mixed,Lunch/Dinner,Vegan,"Black lentils, garlic, spices",Mild-Medium,Bowl,TRUE,FALSE,FALSE,TRUE,,,,FALSE,,High,
133,Rahar Dal,रहर दाल,"Pigeon Pea Soup, Toor Dal","The most common everyday dal, made from split pigeon peas.",Soup,Lentil Soup,Pan-Nepali,National,,Unknown / Mixed,Lunch/Dinner,Vegan,"Pigeon peas, turmeric, garlic",Mild,Bowl,TRUE,FALSE,FALSE,TRUE,,,,FALSE,,High,
134,Masyaura Dal,मस्यौरा दाल,,A dal soup with sun-dried lentil-vegetable dumplings (masyaura) added for texture and flavor.,Soup,Lentil Soup,Hill-region,Hill Region,,Unknown / Mixed,Lunch/Dinner,Vegan,"Lentils, masyaura (dried lentil dumplings), spices",Mild-Medium,Bowl,TRUE,FALSE,FALSE,TRUE,,,,FALSE,,High,
135,Masyaura,मस्यौरा,,"Sun-dried dumplings made from ground black gram paste mixed with vegetables, used to flavor dal and curries.",Ingredient,Dried/Preserved Food,Pan-Nepali (hill origin),Hill Region,,Unknown / Mixed,Ingredient,Vegan,"Black gram paste, vegetables, sun-dried",Mild,Used in dishes,TRUE,FALSE,FALSE,FALSE,,,,FALSE,,Medium,
136,Aloo Achar,आलु अचार,Potato Salad/Pickle,"A tangy, spiced boiled potato salad dressed with mustard oil, sesame, and timur, a very common Nepali side.",Side Dish,Achar,Pan-Nepali,National,,Unknown / Mixed,Side/Snack,Vegan,"Potato, mustard oil, sesame, timur, spices",Medium,Bowl,TRUE,FALSE,TRUE,TRUE,,,,FALSE,,High,
137,Mula Ko Achar,मुलाको अचार,Radish Pickle,"A crunchy, tangy pickle made from grated radish.",Pickle/Achar,Achar,Pan-Nepali,National,,Unknown / Mixed,Side,Vegan,"Radish, mustard oil, spices",Medium,Small bowl,TRUE,FALSE,FALSE,TRUE,,,,FALSE,,High,
138,Tomato Achar,गोलभेंडाको अचार,Golbheda Ko Achar,A tangy pickle/chutney made from roasted or boiled tomatoes ground with spices and often timur or sesame.,Pickle/Achar,Achar,Pan-Nepali,National,,Unknown / Mixed,Side,Vegan,"Tomato, chilli, garlic, timur/sesame",Medium-Hot,Small bowl,TRUE,FALSE,FALSE,TRUE,,,,FALSE,,High,
139,Timur Achar,टिमुर अचार,Sichuan Pepper Pickle,"A pungent, numbing pickle made using Timur (Nepali Sichuan pepper).",Pickle/Achar,Achar,Hill-region,Hill Region,,Unknown / Mixed,Side,Vegan,"Timur, chilli, mustard oil",Hot,Small bowl,TRUE,FALSE,FALSE,FALSE,,,,FALSE,,Medium,
140,Bhatmas Ko Achar,भटमासको अचार,Soybean Pickle,A pickle made from roasted soybeans mixed with mustard oil and spices (distinct from the fresh sadeko salad).,Pickle/Achar,Achar,Pan-Nepali,National,,Unknown / Mixed,Side,Vegan,"Roasted soybean, mustard oil, spices",Medium-Hot,Small bowl,TRUE,FALSE,FALSE,TRUE,,,,FALSE,,Medium,
141,Til Ko Achar,तिलको अचार,Sesame Pickle,A pickle/chutney made from roasted and ground sesame seeds with chilli.,Pickle/Achar,Achar,Pan-Nepali,National,,Unknown / Mixed,Side,Vegan,"Sesame seeds, chilli, spices",Medium-Hot,Small bowl,TRUE,FALSE,FALSE,FALSE,,,,FALSE,,Medium,
142,Lapsi Achar,लप्सी अचार,Nepali Hog Plum Pickle,"A tangy-sweet pickle made from lapsi (Nepali hog plum), a favorite among children and adults alike.",Pickle/Achar,Achar,Pan-Nepali,National,,Unknown / Mixed,Side/Snack,Vegan,"Lapsi fruit, sugar/jaggery, spices",Medium,Small bowl,TRUE,FALSE,TRUE,TRUE,,,,FALSE,,High,
143,Khalpi Ko Achar,खल्पीको अचार,Fermented Cucumber Pickle,"A tangy fermented cucumber pickle, popular in eastern hill regions.",Pickle/Achar,Fermented Achar,Hill-region,Hill Region,Ilam / Eastern Hills,Unknown / Mixed,Side,Vegan,"Cucumber, mustard seed, spices, fermented",Medium,Small bowl,TRUE,FALSE,FALSE,TRUE,,,,FALSE,,High,
144,Aam Ko Achar,आँपको अचार,Mango Pickle,A tangy-spicy pickle made from raw green mango.,Pickle/Achar,Achar,Pan-Nepali,National / Terai,,Unknown / Mixed,Side,Vegan,"Raw mango, mustard oil, spices",Medium-Hot,Small bowl,TRUE,FALSE,FALSE,TRUE,,,,FALSE,,High,
145,Sinki,सिन्की,Fermented Radish (dried),"Sun-dried and fermented radish taproot, used in soups and side dishes, a signature hill preserved food.",Ingredient/Side Dish,Fermented Food,Hill-region,Hill Region,,Tamang (strongly associated),Side/Ingredient,Vegan,"Fermented, dried radish",Mild-Medium,Bowl,TRUE,FALSE,FALSE,TRUE,,,,FALSE,,High,
146,Mesu,मेसु,Fermented Bamboo Shoot,"Fermented fresh bamboo shoot, used as an ingredient in curries and pickles across hill and Kirat cuisines.",Ingredient,Fermented Food,Hill-region / Kirat,Hill Region,,Unknown / Mixed,Ingredient,Vegan,Fermented bamboo shoot,Mild-Medium,Used in dishes,TRUE,FALSE,FALSE,FALSE,,,,FALSE,,Medium,
147,Chhurpi Achar,छुर्पी अचार,Yak Cheese Pickle,"A pickle made from dried yak/chauri cheese mixed with chilli and spices, popular Himalayan side.",Pickle/Achar,Achar,Sherpa / Himalayan,Himalayan Region,,Sherpa,Side,Vegetarian,"Chhurpi (dried yak cheese), chilli, spices",Hot,Small bowl,TRUE,FALSE,FALSE,TRUE,,,,FALSE,,Medium,
148,Sel Roti,सेलरोटी,,"A traditional ring-shaped, deep-fried sweet rice bread, a festival staple, especially during Tihar and Dashain.",Bread,Sweet Fried Bread,Pan-Nepali,National,,Unknown / Mixed,Snack/Festival,Vegan,"Rice flour, sugar, ghee/oil",None,Plate,TRUE,TRUE,TRUE,TRUE,,File:Sel roti123.jpg | Wikimedia Commons — Category:Selroti,CC BY-SA 4.0,FALSE,,High,Iconic Nepali festival food Filename confirmed via Commons search; not live URL-verified (see resolver script).
149,Roti,रोटी,Chapati,"A simple whole-wheat unleavened flatbread, a household staple across Nepal.",Bread,Flatbread,Pan-Nepali,National,,Unknown / Mixed,Lunch/Dinner,Vegan,"Whole wheat flour, water",None,Plate,TRUE,FALSE,FALSE,TRUE,,File:Roti.jpg | Wikimedia Commons,CC BY-SA (see file page),FALSE,,High,Filename confirmed via Commons search; not live URL-verified (see resolver script).
150,Makai Ko Roti,मकैको रोटी,Corn Flatbread,"A flatbread made from maize flour, common in hill regions where maize is a staple grain.",Bread,Flatbread,Hill-region,Hill Region,,Unknown / Mixed,Lunch/Dinner,Vegan,"Maize flour, water",None,Plate,TRUE,FALSE,FALSE,FALSE,,,,FALSE,,Medium,
151,Kodo Ko Roti,कोदोको रोटी,Millet Flatbread,"A flatbread made from finger millet flour, a nutritious hill staple.",Bread,Flatbread,Hill-region,Hill Region,,Unknown / Mixed,Lunch/Dinner,Vegan,"Millet flour, water",None,Plate,TRUE,FALSE,FALSE,FALSE,,,,FALSE,,Medium,
152,Paratha,पराठा,,"A layered, pan-fried flatbread, often plain or stuffed, popular breakfast item.",Bread,Flatbread,Pan-Nepali,National,,Unknown / Mixed,Breakfast,Vegan,"Wheat flour, ghee/oil",None,Plate,TRUE,FALSE,FALSE,TRUE,,,,FALSE,,High,
153,Puri,पुरी,,"Deep-fried puffed wheat bread, eaten with curry or sweetened dishes.",Bread,Fried Bread,Pan-Nepali,National,,Unknown / Mixed,Breakfast,Vegan,"Wheat flour, oil",None,Plate,TRUE,FALSE,TRUE,TRUE,,,,FALSE,,High,
154,Sikarni,सिकर्नी,,"A sweetened, spiced whipped yogurt dessert flavored with cardamom, nuts, and sometimes fruit.",Dessert,Dairy Sweet,Pan-Nepali (Newari association),National,,Unknown / Mixed,Dessert/Festival,Vegetarian,"Yogurt, sugar, cardamom, nuts",None,Bowl,TRUE,TRUE,FALSE,TRUE,,,,FALSE,,Medium,
155,Peda,पेडा,,"A soft, dense milk-based sweet, popular across Nepal and often given as gifts.",Dessert,Milk Sweet,Pan-Nepali,National,,Unknown / Mixed,Dessert,Vegetarian,"Khoya (milk solids), sugar",None,Plate,TRUE,TRUE,FALSE,TRUE,,,,FALSE,,High,
156,Barfi,बर्फी,,"A dense milk-based sweet cut into squares/diamonds, common festival sweet.",Dessert,Milk Sweet,Pan-Nepali,National,,Unknown / Mixed,Dessert/Festival,Vegetarian,"Khoya, sugar, nuts",None,Plate,TRUE,TRUE,FALSE,TRUE,,,,FALSE,,High,
157,Laddu,लड्डु,Laddoo,"Round sweet balls made from flour, sugar, and ghee, common at festivals and celebrations.",Dessert,Sweet,Pan-Nepali,National,,Unknown / Mixed,Dessert/Festival,Vegetarian,"Gram flour/semolina, sugar, ghee",None,Plate,TRUE,TRUE,FALSE,TRUE,,File:Buniya Ko Laddu.jpg | Wikimedia Commons — Category:Cuisine of Nepal,CC BY-SA (see file page),FALSE,,High,Filename confirmed via Commons search; not live URL-verified (see resolver script).
158,Rasbari,रसबरी,Rasgulla (Nepali style),"Soft cheese balls soaked in sugar syrup, a popular sweet found in Nepali sweet shops.",Dessert,Milk Sweet,Pan-Nepali,National,,Unknown / Mixed,Dessert,Vegetarian,"Chhena (fresh cheese), sugar syrup",None,Bowl,TRUE,TRUE,FALSE,TRUE,,,,FALSE,,High,
159,Khuwa,खुवा,Khoya,Solidified reduced milk used as a base for many Nepali sweets.,Ingredient,Milk Product,Pan-Nepali,National,,Unknown / Mixed,Ingredient,Vegetarian,Reduced milk,None,Used in sweets,TRUE,FALSE,FALSE,FALSE,,,,FALSE,,Medium,
160,Chiya,चिया,Nepali Milk Tea,"Sweet, spiced milk tea, the most commonly consumed beverage in Nepal.",Beverage,Tea,Pan-Nepali,National,,Unknown / Mixed,Any,Vegetarian,"Tea leaves, milk, sugar, spices",None,Cup,TRUE,FALSE,TRUE,TRUE,,File:Chiya.jpg | Wikimedia Commons — Category:Tea of Nepal,CC BY-SA (see file page),FALSE,,High,Filename confirmed via Commons search; not live URL-verified (see resolver script).
161,Sukumel Chiya,सुकुमेल चिया,Cardamom Tea,Milk tea flavored specifically with cardamom.,Beverage,Tea,Pan-Nepali,National,,Unknown / Mixed,Any,Vegetarian,"Tea leaves, milk, cardamom, sugar",None,Cup,TRUE,FALSE,TRUE,TRUE,,,,FALSE,,Medium,
162,Raksi,रक्सी,,"A traditional distilled alcoholic spirit made from rice, millet, or other grains.",Beverage,Distilled Alcohol,Pan-Nepali (hill origin),Hill Region,,Unknown / Mixed,Any/Ritual,Vegan,"Fermented grain, distilled",N/A,Small cup/shot,TRUE,TRUE,FALSE,TRUE,,,,FALSE,,High,
163,Chhaang,छाङ,"Jaad, Local Beer","A fermented, mildly alcoholic beverage made from rice, millet, or barley, common in hill and Himalayan communities.",Beverage,Fermented Alcohol,Hill-region / Himalayan,Hill/Mountain Region,,Unknown / Mixed,Any/Ritual,Vegan,Fermented grain,N/A,Cup/jug,TRUE,TRUE,FALSE,FALSE,,,,FALSE,,Medium,
164,Jaad,जाँड,Local Rice Beer,"A home-brewed fermented rice or millet beverage, common across hill communities.",Beverage,Fermented Alcohol,Hill-region,Hill Region,,Unknown / Mixed,Any/Ritual,Vegan,Fermented rice/millet,N/A,Cup/jug,TRUE,TRUE,FALSE,FALSE,,,,FALSE,,Medium,
165,Lassi,लस्सी,,"A sweetened or salted yogurt-based drink, popular especially in the Terai and cities.",Beverage,Dairy Drink,Pan-Nepali,National,,Unknown / Mixed,Any,Vegetarian,"Yogurt, sugar/salt, water",None,Glass,TRUE,FALSE,TRUE,TRUE,,File:Mango lassi and Nepalese milk tea at restaurant Everest Dine.jpg | Wikimedia Commons,CC BY-SA (see file page),FALSE,,High,Filename confirmed via Commons search; not live URL-verified (see resolver script).
166,Mohi,मही,Buttermilk,"A thin, seasoned buttermilk drink, a byproduct of butter-making, common in rural households.",Beverage,Dairy Drink,Pan-Nepali,National,,Unknown / Mixed,Any,Vegetarian,"Buttermilk, salt/spices",None,Glass,TRUE,FALSE,FALSE,FALSE,,,,FALSE,,Medium,
167,Buff Chilli,भ्यागुते चिल्ली,Chilli Buff,"Stir-fried buffalo meat in a spicy Indo-Chinese chilli-garlic sauce, a very popular modern Nepali restaurant/bar dish.",Main Course,Stir-fry,Modern Nepali fusion,National,Kathmandu (popularized),Unknown / Mixed,Dinner/Snack,Non-Vegetarian,"Buffalo meat, capsicum, onion, chilli sauce",Hot,Plate,FALSE,FALSE,FALSE,TRUE,,,,FALSE,,High,Popular bar/restaurant food
168,Chicken Chilli,चिकेन चिल्ली,Chilli Chicken,Stir-fried chicken in a spicy Indo-Chinese chilli-garlic sauce.,Main Course,Stir-fry,Modern Nepali fusion,National,Kathmandu (popularized),Unknown / Mixed,Dinner/Snack,Non-Vegetarian,"Chicken, capsicum, onion, chilli sauce",Hot,Plate,FALSE,FALSE,FALSE,TRUE,,,,FALSE,,High,
169,Veg Manchurian,भेज मन्चुरियन,,"Deep-fried vegetable balls tossed in a tangy Indo-Chinese sauce, a widely popular Nepali restaurant dish.",Main Course,Stir-fry,Modern Nepali fusion,National,,Unknown / Mixed,Dinner/Snack,Vegan,"Mixed vegetables, gram flour, sauce",Medium-Hot,Plate,FALSE,FALSE,FALSE,TRUE,,,,FALSE,,High,
170,Buff Fry,भ्यागुते फ्राई,,"Pan-fried spiced buffalo meat pieces, a common bar/restaurant snack.",Snack,Fried Meat,Modern Nepali,National,,Unknown / Mixed,Snack/Appetizer,Non-Vegetarian,"Buffalo meat, spices, oil",Medium-Hot,Plate,FALSE,FALSE,FALSE,TRUE,,,,FALSE,,Medium,
171,Newari Khaja Set,न्यूवारी खाजा सेट,Newari Snack Platter,"A restaurant-style adaptation of Samay Baji served as a mixed snack platter with beaten rice, choila, egg, and achar.",Snack,Meal Set,Newari (restaurant-adapted),National,Kathmandu (popularized),Newar,Snack/Dinner,Non-Vegetarian,"Beaten rice, choila, egg, achar, bara",Medium-Hot,Platter,FALSE,FALSE,FALSE,TRUE,,File:Khaja Set Newari.jpg | Wikimedia Commons,CC BY-SA (see file page),FALSE,,High,Restaurant version of traditional Samay Baji Filename confirmed via Commons search; not live URL-verified.
172,Buff Chowmein,भ्यागुते चाउमिन,,Chowmein noodles stir-fried with buffalo meat.,Main Course,Noodle Dish,Modern Nepali fusion,National,,Unknown / Mixed,Lunch/Dinner,Non-Vegetarian,"Noodles, buffalo meat, vegetables",Medium,Plate,FALSE,FALSE,TRUE,TRUE,,,,FALSE,,Medium,
173,Momo Sadeko,मम: सादेको,,"Boiled/steamed momo tossed cold in a tangy, spicy sesame-mustard oil dressing.",Snack,Salad,Modern Nepali fusion,National,Kathmandu (popularized),Unknown / Mixed,Snack,Vegetarian/Non-Veg variants,"Momo, mustard oil, sesame, spices",Medium-Hot,Bowl,FALSE,FALSE,TRUE,TRUE,,,,FALSE,,Medium,
174,Aalu Ko Achar (Karnali style),आलुको अचार (कर्णाली),,"A Karnali regional variant of potato achar, often incorporating local herbs and less oil due to regional availability.",Side Dish,Achar,Karnali,Karnali,,Unknown / Mixed,Side,Vegan,"Potato, local spices",Mild-Medium,Bowl,TRUE,FALSE,FALSE,FALSE,,,,FALSE,,Low,Regional variation; limited documentation
175,Marcha (Fermentation Starter),मार्चा,,"A traditional fermentation starter cake made from rice and herbs, used to brew local alcohol like raksi and jaad.",Ingredient,Fermentation Starter,Pan-Nepali (hill origin),Hill Region,,Unknown / Mixed,Ingredient,Vegan,"Rice, wild herbs",N/A,Used in brewing,TRUE,FALSE,FALSE,FALSE,,,,FALSE,,Medium,
176,Kodo Ko Raksi,कोदोको रक्सी,Millet Spirit,"A distilled alcoholic spirit made specifically from finger millet, common in Gurung/Tamang hill communities.",Beverage,Distilled Alcohol,Hill-region,Hill Region,,Gurung / Tamang,Any/Ritual,Vegan,"Fermented millet, distilled",N/A,Small cup/shot,TRUE,TRUE,FALSE,FALSE,,,,FALSE,,Medium,
177,Bhuja (Sukuti mixed),सुकुटी भुजा,Dried Meat Snack Mix,"A snack mix combining roasted beaten rice with shredded dried meat and spices, popular as a bar snack.",Snack,Snack Mix,Pan-Nepali,National,,Unknown / Mixed,Snack,Non-Vegetarian,"Beaten rice, dried meat, spices",Medium-Hot,Bowl,TRUE,FALSE,TRUE,TRUE,,,,FALSE,,Low,
178,Gundruk Ko Achar,गुन्द्रुकको अचार,Fermented Green Pickle,"A dry, spiced pickle preparation of gundruk mixed with mustard oil rather than cooked into a soup.",Pickle/Achar,Fermented Achar,Hill-region,Hill Region,,Unknown / Mixed,Side,Vegan,"Gundruk, mustard oil, spices",Medium,Small bowl,TRUE,FALSE,FALSE,TRUE,,,,FALSE,,Medium,
179,Simi Ko Tarkari,सिमीको तरकारी,Bean Curry,"A curry made from broad or green beans, a common household vegetable dish.",Side Dish,Vegetable Curry,Pan-Nepali,National,,Unknown / Mixed,Side/Lunch,Vegan,"Beans, spices",Mild,Bowl,TRUE,FALSE,FALSE,FALSE,,File:Beans Curry.jpg | Wikimedia Commons — Category:Cuisine of Nepal,CC BY-SA (see file page),FALSE,,Medium,Filename confirmed via Commons search; not live URL-verified (see resolver script).
180,Tama Ko Achar,तामाको अचार,Bamboo Shoot Pickle,A tangy pickle made from fermented bamboo shoots.,Pickle/Achar,Fermented Achar,Hill-region,Hill Region,,Unknown / Mixed,Side,Vegan,"Fermented bamboo shoot, mustard oil, spices",Medium-Hot,Small bowl,TRUE,FALSE,FALSE,TRUE,,File:Bamboo Shoots Pickle.jpg | Wikimedia Commons — Category:Cuisine of Nepal,CC BY-SA (see file page),FALSE,,Medium,Filename confirmed via Commons search; not live URL-verified (see resolver script).
181,Selroti Achar Combo,सेलरोटी अचार,,"Sel roti served together with spicy potato achar, a common festive breakfast/snack pairing.",Snack,Combo Dish,Pan-Nepali,National,,Unknown / Mixed,Breakfast/Festival,Vegan,"Sel roti, aloo achar",Medium,Plate,TRUE,TRUE,TRUE,FALSE,,,,FALSE,,Low,
182,Karauli Ko Tarkari,कारेलाको तरकारी,Bitter Gourd Curry,"A curry made from bitter gourd, valued for its distinct bitterness and health benefits.",Side Dish,Vegetable Curry,Pan-Nepali,National,,Unknown / Mixed,Side/Lunch,Vegan,"Bitter gourd, spices",Mild-Medium,Bowl,TRUE,FALSE,FALSE,FALSE,,,,FALSE,,Medium,
183,Bodi Ko Tarkari,बोडीको तरकारी,Black-eyed Pea Curry,"A simple curry made from black-eyed peas, common household dish.",Side Dish,Legume Curry,Pan-Nepali,National,,Unknown / Mixed,Side/Lunch,Vegan,"Black-eyed peas, spices",Mild,Bowl,TRUE,FALSE,FALSE,FALSE,,,,FALSE,,Medium,
184,Farsi Ko Tarkari,फर्सीको तरकारी,Pumpkin Curry,A mildly sweet-savory curry made from pumpkin.,Side Dish,Vegetable Curry,Pan-Nepali,National,,Unknown / Mixed,Side/Lunch,Vegan,"Pumpkin, spices",Mild,Bowl,TRUE,FALSE,FALSE,FALSE,,,,FALSE,,Medium,
185,Iskus Ko Tarkari,इस्कुसको तरकारी,Chayote Squash Curry,"A light curry made from chayote squash, common in hill households.",Side Dish,Vegetable Curry,Hill-region,Hill Region,,Unknown / Mixed,Side/Lunch,Vegan,"Chayote squash, spices",Mild,Bowl,TRUE,FALSE,FALSE,FALSE,,,,FALSE,,Medium,
186,Tarul Ko Tarkari,तरुलको तरकारी,Yam Curry,"A curry made from wild or cultivated yam, common in hill and mountain diets.",Side Dish,Vegetable Curry,Hill-region,Hill/Mountain Region,,Unknown / Mixed,Side/Lunch,Vegan,"Yam, spices",Mild,Bowl,TRUE,FALSE,FALSE,FALSE,,,,FALSE,,Low,
187,Alu Ko Achar (Dahi),दही आलुको अचार,Yogurt Potato Achar,A creamy variation of potato achar mixed with yogurt instead of only mustard oil.,Side Dish,Achar,Karnali / Hill-region,Karnali,,Unknown / Mixed,Side,Vegetarian,"Potato, yogurt, timur, spices",Medium,Bowl,TRUE,FALSE,FALSE,TRUE,,,,FALSE,,Medium,Closely related to Chukauni
188,Masu Ko Momo (Sherpa style),शेर्पा मम:,,A Himalayan-style momo variant with thicker dough and yak meat filling.,Snack,Dumpling,Sherpa / Himalayan,Himalayan Region,,Sherpa,Snack/Lunch,Non-Vegetarian,"Yak meat, flour, spices",Mild-Medium,Plate,TRUE,FALSE,FALSE,FALSE,,,,FALSE,,Low,
189,Kwati Roti,क्वाति रोटी,,A regional pairing of Kwati soup with flatbread rather than rice.,Main Course,Meal Combo,Newari,Kathmandu Valley,,Newar,Lunch/Dinner,Vegan,"Kwati, roti",Mild-Medium,Bowl and plate,TRUE,TRUE,FALSE,FALSE,,,,FALSE,,Low,
190,Dahi (Curd),दही,"Curd, Yogurt","Plain set yogurt, eaten on its own, with rice, or used in cooking; a household staple across Nepal.",Side Dish,Dairy,Pan-Nepali,National,,Unknown / Mixed,Any,Vegetarian,"Milk, yogurt culture",None,Bowl,TRUE,FALSE,FALSE,TRUE,,File:Nepali curd.JPG | Wikimedia Commons — Category:Dahi / Bhaktapur,CC BY-SA 4.0,FALSE,,High,Filename confirmed via Commons search; not live URL-verified.
191,Burger,बर्गर,Cheeseburger,"A bun-based sandwich with a grilled meat or veg patty, cheese, and vegetables; now a staple of Nepali fast-food chains and cafes.",Fast Food,Sandwich/Burger,"International (Western, localized)",National,Kathmandu / Pokhara (urban centers),Unknown / Mixed,Snack/Lunch/Dinner,Vegetarian/Non-Veg variants,"Bun, patty (meat or veg), cheese, vegetables, sauce",Mild-Medium,"Plate, hand-held",FALSE,FALSE,TRUE,TRUE,,File:Cheeseburger.jpg | Wikimedia Commons,Public domain / CC (see file page),FALSE,,High,"Adopted item; not a native Nepali dish, included for market-relevance Filename confirmed via Commons search; not live URL-verified (see resolver script)."
192,Chicken Burger,चिकेन बर्गर,,"A burger with a fried or grilled chicken patty, widely sold at Nepali fast-food outlets.",Fast Food,Sandwich/Burger,"International (Western, localized)",National,Kathmandu / Pokhara (urban centers),Unknown / Mixed,Snack/Lunch/Dinner,Non-Vegetarian,"Bun, chicken patty, lettuce, sauce",Mild-Medium,"Plate, hand-held",FALSE,FALSE,TRUE,TRUE,,,,FALSE,,High,Adopted item
193,Buff Burger,भ्यागुते बर्गर,Buffalo Burger,"A locally adapted burger using a spiced buffalo-meat patty instead of beef, reflecting local ingredient substitution.",Fast Food,Sandwich/Burger,Modern Nepali fusion,National,Kathmandu (popularized),Unknown / Mixed,Snack/Lunch/Dinner,Non-Vegetarian,"Bun, buffalo mince patty, spices, sauce",Medium,"Plate, hand-held",FALSE,FALSE,TRUE,TRUE,,,,FALSE,,Medium,Local substitution since beef is not commonly consumed in Nepal
194,Veg Burger,भेज बर्गर,Vegetable Burger,"A burger with a fried vegetable or paneer patty, common vegetarian fast-food option.",Fast Food,Sandwich/Burger,"International (Western, localized)",National,Kathmandu / Pokhara (urban centers),Unknown / Mixed,Snack/Lunch/Dinner,Vegetarian,"Bun, vegetable/paneer patty, lettuce, sauce",Mild-Medium,"Plate, hand-held",FALSE,FALSE,TRUE,TRUE,,,,FALSE,,High,Adopted item
195,Pizza,पिज्जा,,"A baked flatbread topped with sauce, cheese, and toppings; widely available in Nepali cities via both international chains and local pizzerias.",Fast Food,Baked Dish,"International (Italian-origin, localized)",National,Kathmandu / Pokhara (urban centers),Unknown / Mixed,Lunch/Dinner,Vegetarian/Non-Veg variants,"Flour dough, tomato sauce, cheese, toppings",Mild-Medium,"Sliced, on a tray",FALSE,FALSE,FALSE,TRUE,,File:Eq it-na pizza-margherita sep2005 sml.jpg | Wikimedia Commons — Category:Pizza Margherita,CC BY-SA (see file page),FALSE,,High,Adopted item; both chain and local versions exist Filename confirmed via Commons search; not live URL-verified (see resolver script).
196,Chicken Pizza,चिकेन पिज्जा,,"Pizza topped with chicken pieces, one of the most ordered non-veg pizza variants in Nepal.",Fast Food,Baked Dish,"International (Italian-origin, localized)",National,Kathmandu / Pokhara (urban centers),Unknown / Mixed,Lunch/Dinner,Non-Vegetarian,"Flour dough, tomato sauce, cheese, chicken",Mild-Medium,"Sliced, on a tray",FALSE,FALSE,FALSE,TRUE,,,,FALSE,,High,Adopted item
197,Veg Pizza,भेज पिज्जा,,"Pizza topped with mixed vegetables, a common vegetarian option at Nepali pizzerias.",Fast Food,Baked Dish,"International (Italian-origin, localized)",National,Kathmandu / Pokhara (urban centers),Unknown / Mixed,Lunch/Dinner,Vegetarian,"Flour dough, tomato sauce, cheese, vegetables",Mild,"Sliced, on a tray",FALSE,FALSE,FALSE,TRUE,,,,FALSE,,High,Adopted item
198,Club Sandwich,क्लब स्यान्डविच,,"A multi-layer sandwich with bread, chicken/egg, vegetables, and sauce, common on Nepali cafe and hotel menus.",Fast Food,Sandwich,"International (Western, localized)",National,Kathmandu / Pokhara (urban centers),Unknown / Mixed,Breakfast/Lunch,Vegetarian/Non-Veg variants,"Bread, chicken/egg, lettuce, tomato, sauce",Mild,"Plate, cut into triangles",FALSE,FALSE,FALSE,TRUE,,,,FALSE,,High,Adopted item; common in cafes and hotels
199,Veg Sandwich,भेज स्यान्डविच,,"A simple sandwich with bread and vegetable filling, a common breakfast/tiffin item in Nepali cities.",Fast Food,Sandwich,"International (Western, localized)",National,,Unknown / Mixed,Breakfast/Snack,Vegetarian,"Bread, vegetables, sauce/butter",Mild,Plate,FALSE,FALSE,TRUE,TRUE,,,,FALSE,,High,Adopted item
200,Chicken Sandwich,चिकेन स्यान्डविच,,"A sandwich filled with cooked or grilled chicken, vegetables, and sauce.",Fast Food,Sandwich,"International (Western, localized)",National,,Unknown / Mixed,Breakfast/Lunch/Snack,Non-Vegetarian,"Bread, chicken, lettuce, sauce",Mild,Plate,FALSE,FALSE,TRUE,TRUE,,,,FALSE,,High,Adopted item
201,French Fries,फ्रेन्च फ्राइज,"Fries, Finger Chips","Deep-fried potato strips, now a near-universal side/snack item in Nepali restaurants and street stalls.",Fast Food,Fried Snack,"International (Western, localized)",National,,Unknown / Mixed,Snack/Side,Vegan,"Potato, oil, salt",None-Mild,"Plate, with ketchup/mayo",FALSE,FALSE,TRUE,TRUE,,File:French Fries.JPG | Wikimedia Commons,CC0 (Public Domain),FALSE,,High,Adopted item Filename confirmed via Commons search; not live URL-verified (see resolver script).
202,Fried Chicken (KFC-style),फ्राइड चिकेन,Crispy Fried Chicken,"Batter-coated deep-fried chicken pieces, popular via both international chains and local fast-food outlets.",Fast Food,Fried Meat,"International (Western, localized)",National,Kathmandu / Pokhara (urban centers),Unknown / Mixed,Snack/Lunch/Dinner,Non-Vegetarian,"Chicken, batter/breading, spices, oil",Mild-Medium,Plate/bucket,FALSE,FALSE,TRUE,TRUE,,,,FALSE,,High,Adopted item
203,Hot Dog,हट डग,,"A sausage served in a sliced bun with sauces, sold at Nepali cafes, food courts, and some street stalls.",Fast Food,Sandwich,"International (Western, localized)",National,Kathmandu (popularized),Unknown / Mixed,Snack,Non-Vegetarian,"Bun, sausage, sauce, vegetables",Mild,"Plate, hand-held",FALSE,FALSE,TRUE,TRUE,,,,FALSE,,Medium,Adopted item; sausage is often chicken- or buff-based locally rather than beef/pork
204,Pasta,पास्ता,,"Italian-style pasta served with tomato, cream, or mixed sauces, common on Nepali cafe and restaurant menus.",Fast Food,Noodle/Pasta Dish,"International (Italian-origin, localized)",National,Kathmandu / Pokhara (urban centers),Unknown / Mixed,Lunch/Dinner,Vegetarian/Non-Veg variants,"Pasta, sauce, cheese, vegetables/meat",Mild-Medium,Plate,FALSE,FALSE,FALSE,TRUE,,,,FALSE,,High,Adopted item
205,Chicken Biryani,चिकेन बिरयानी,,"Spiced, layered rice dish cooked with chicken and whole spices, a South Asian import now common in Nepali restaurants, especially in the Terai and cities.",Main Course,Rice Dish,"Madhesi / International (South Asian, localized)",National,Kathmandu / Terai (popularized),Unknown / Mixed,Lunch/Dinner,Non-Vegetarian,"Rice, chicken, whole spices, yogurt, fried onion",Medium-Hot,"Plate, with raita",FALSE,FALSE,FALSE,TRUE,,File:Chicken Biryani.jpg | Wikimedia Commons — Category:Chicken biryani,CC BY-SA 3.0,FALSE,,High,Adopted item; strongest presence in Terai and urban restaurants Filename confirmed via Commons search; not live URL-verified (see resolver script).
206,Mutton Biryani,मटन बिरयानी,Khasi Biryani,"Layered spiced rice dish cooked with goat meat, served at restaurants and for special occasions.",Main Course,Rice Dish,"Madhesi / International (South Asian, localized)",National,Kathmandu / Terai (popularized),Unknown / Mixed,Lunch/Dinner,Non-Vegetarian,"Rice, goat meat, whole spices, yogurt, fried onion",Medium-Hot,"Plate, with raita",FALSE,FALSE,FALSE,TRUE,,,,FALSE,,High,Adopted item
207,Veg Biryani,भेज बिरयानी,,A vegetarian version of biryani made with mixed vegetables and paneer instead of meat.,Main Course,Rice Dish,"Madhesi / International (South Asian, localized)",National,,Unknown / Mixed,Lunch/Dinner,Vegetarian,"Rice, mixed vegetables, whole spices, yogurt",Medium,"Plate, with raita",FALSE,FALSE,FALSE,TRUE,,,,FALSE,,Medium,Adopted item
208,Instant Noodles (cooked),तत्काल चाउचाउ,"Wai Wai Noodles, Chow Chow, Rara Noodles","Packaged instant noodles cooked as a quick soup or dry-fried dish, extremely common as a fast home meal and trekking food across Nepal.",Snack/Main Course,Noodle Dish,Modern Nepali (packaged food),National,,Unknown / Mixed,Snack/Any meal,Vegetarian/Non-Veg variants,"Instant noodle block, seasoning, egg/vegetables optional",Mild-Hot,Bowl,FALSE,FALSE,TRUE,TRUE,,File:Cooked Rara Noodles.jpg | Wikimedia Commons — Category:Food of Nepal,CC BY-SA (see file page),FALSE,,High,Wai Wai and Rara are the two dominant Nepali brands; recipe/spice level varies by brand Filename confirmed via Commons search; not live URL-verified (see resolver script).
209,Khasi Sekuwa,खसी सेकुवा,"Mutton Sekuwa, Goat Sekuwa","Skewered, marinated, and grilled goat meat, a premium version of sekuwa served at restaurants and gatherings.",Main Course,Grilled Meat,Pan-Nepali,National,,Unknown / Mixed,Dinner/Snack,Non-Vegetarian,"Goat meat, mustard oil, spices",Medium-Hot,"Plate, skewered or chopped",TRUE,FALSE,FALSE,TRUE,,,,FALSE,,High,
210,Pork Sekuwa,पोर्क सेकुवा,,"Skewered, marinated, and grilled pork, common among Tamang, Rai/Limbu, and other communities that eat pork.",Main Course,Grilled Meat,Tamang / Kirat,National,,Tamang / Rai / Limbu (common among),Dinner/Snack,Non-Vegetarian,"Pork, mustard oil, spices",Medium-Hot,"Plate, skewered or chopped",TRUE,FALSE,FALSE,TRUE,,,,FALSE,,Medium,
211,Fish Sekuwa,माछा सेकुवा,Machha Sekuwa,"Marinated and grilled whole or filleted fish, popular near rivers and lakeside towns like Pokhara.",Main Course,Grilled Fish,Pan-Nepali,National,Pokhara (associated with lakeside stalls),Unknown / Mixed,Dinner/Snack,Non-Vegetarian,"Fish, mustard oil, spices",Medium-Hot,"Plate, grilled whole or chopped",TRUE,FALSE,TRUE,TRUE,,,,FALSE,,Medium,
212,Sukuti Sadeko,सुकुटी सादेको,Dried Meat Salad,"Rehydrated, shredded dried meat tossed with onion, tomato, chilli, and mustard oil into a tangy, spicy salad, a very popular bar/snack food.",Snack,Salad,Pan-Nepali,National,,Unknown / Mixed,Snack/Appetizer,Non-Vegetarian,"Dried buffalo meat, onion, tomato, mustard oil, spices",Hot,Bowl,TRUE,FALSE,TRUE,TRUE,,,,FALSE,,High,Distinct from plain Sukuti and from the cooked Sukuti curry
213,Batuk,बटुक,,"Deep-fried black lentil patties similar to Bara, associated with Magar and Khas communities and eaten especially during Maghe Sankranti.",Snack,Fritter,Magar / Khas,Gandaki / Lumbini,,Magar,Snack/Festival,Vegan,"Black lentils, ginger, spices",Medium,Plate,TRUE,TRUE,FALSE,FALSE,,,,FALSE,,Medium,
214,Sargemba,सर्गेम्बा,Sargem,A traditional Limbu blood sausage made by stuffing pig blood and spices into intestine casing.,Snack/Side,Meat,Kirat,Koshi,,Limbu,Snack/Side,Non-Vegetarian,"Pig blood, intestine casing, spices",Medium,Plate,TRUE,FALSE,FALSE,FALSE,,,,FALSE,,Low,Distinct dish from Kinema; regional Limbu specialty with limited documentation
215,Wachipa (Rai Ash Dish),वाचिपा,Wamik,"A Kirati Rai dish of minced chicken cooked with rice and ash from burnt chicken feathers, giving it a distinctive bitter, smoky note.",Main Course,Meat/Rice Dish,Kirat,Koshi,,Rai,Lunch/Dinner,Non-Vegetarian,"Chicken, rice, burnt chicken-feather ash, spices",Medium,Bowl,TRUE,TRUE,FALSE,FALSE,,,,FALSE,,Low,Name collides with a separate fermented-millet drink also called Wachipa in some sources; renamed here to avoid confusion between the two distinct items
216,Phulaura,फुलौरा,,"Deep-fried fritters made from buckwheat or lentil flour, a common Far-Western Nepal snack eaten with chutney.",Snack,Fritter,Far-Western / Hill-region,Far-Western,,Unknown / Mixed,Snack/Festival,Vegetarian,"Buckwheat or lentil flour, spices",Medium,"Plate, with chutney",TRUE,TRUE,TRUE,FALSE,,,,FALSE,,Low,
217,Babar Roti,बाबर रोटी,Babar,"A thick, deep-fried rice-flour bread, crisp outside and soft inside, traditional to the Tharu community.",Bread,Fried Bread,Tharu,Terai,,Tharu,Snack,Vegan,"Rice flour, oil/ghee",Mild,Plate,TRUE,TRUE,FALSE,FALSE,,,,FALSE,,Low,
218,Gwaramari,ग्वारामरी,,"A round, deep-fried Newari doughnut-like bread, commonly eaten for breakfast with milk tea.",Bread,Fried Bread,Newari,Kathmandu Valley,,Newar,Breakfast,Vegetarian,"Flour, yeast, spices",Mild,"Plate, with chiya",TRUE,FALSE,TRUE,TRUE,,,,FALSE,,Medium,
219,Tarul (Boiled/Fried),तरुल,Yam,"Boiled or deep-fried yam eaten plain, traditionally consumed nationwide during Maghe Sankranti alongside sweet potato and ghee.",Snack/Side,Vegetable,Pan-Nepali,National,,Unknown / Mixed,Snack/Festival,Vegan,Yam,Mild,"Plate, hot or room temp",TRUE,TRUE,FALSE,FALSE,,,,FALSE,,Medium,"Simple festival preparation, distinct from the curried Tarul Ko Tarkari already in this dataset"
220,Soy Sauce,सोया सस,,"A salty fermented soybean sauce, now a standard condiment for momo, chowmein, and other Chinese-influenced dishes in Nepal.",Condiment,Sauce,International (adapted),National,,Unknown / Mixed,Condiment,Vegan,"Fermented soybean, wheat, salt",Mild,Small bottle/dish,FALSE,FALSE,FALSE,TRUE,,,,FALSE,,High,"Adopted condiment; commercially bottled, not home-fermented in most cases"
221,Tomato Ketchup,टमाटो केचप,Ketchup,"Sweet-tangy tomato sauce, widely used with momo, fries, sandwiches, and fast food across Nepal.",Condiment,Sauce,International (adapted),National,,Unknown / Mixed,Condiment,Vegan,"Tomato, sugar, vinegar, spices",Mild,Small bottle/dish,FALSE,FALSE,FALSE,TRUE,,,,FALSE,,High,Adopted condiment; commercial product
222,Chilli Sauce (Nepali-style),चिली सस,Red Chilli Sauce,"A hot, tangy red chilli sauce used as a dip or cooking sauce for momo, chowmein, and fried snacks.",Condiment,Sauce,Modern Nepali fusion,National,,Unknown / Mixed,Condiment,Vegan,"Red chilli, garlic, vinegar, salt",Hot,Small bottle/dish,FALSE,FALSE,FALSE,TRUE,,,,FALSE,,Medium,Often commercially bottled or made fresh at momo/street stalls
223,Mayonnaise,मेयोनिज,Mayo,"A creamy egg or eggless sauce used as a dip or spread, increasingly common with fries, burgers, and sandwiches in urban Nepal.",Condiment,Sauce,International (adapted),National,Kathmandu / Pokhara (urban centers),Unknown / Mixed,Condiment,Vegetarian (egg or eggless variants),"Oil, egg or eggless base, vinegar/lemon",None-Mild,Small bottle/dish,FALSE,FALSE,FALSE,TRUE,,,,FALSE,,High,Adopted condiment; commercial product
224,Momo Achar,मम: अचार,"Momo Chutney, Tomato-Sesame Chutney","The signature tangy, spicy tomato and sesame-based chutney served alongside momo in Nepal.",Condiment,Chutney,Nepali street food,National,Kathmandu (popularized),Unknown / Mixed,Condiment,Vegan,"Tomato, sesame seeds, timur, chilli, garlic",Medium-Hot,Small bowl,TRUE,FALSE,TRUE,TRUE,,,,FALSE,,High,Recipe varies by vendor; some versions use peanut or walnut instead of sesame
225,Milk,दुध,Dudh,"Fresh cow, buffalo, or (in Himalayan areas) yak milk, a household staple used for tea, sweets, and drinking.",Beverage/Ingredient,Dairy,Pan-Nepali,National,,Unknown / Mixed,Any,Vegetarian,Cow/buffalo/yak milk,None,"Glass, or used in cooking",TRUE,FALSE,FALSE,FALSE,,File:Buffalo Milk .jpg | Wikimedia Commons — Category:Cuisine of Nepal,CC BY-SA (see file page),FALSE,,High,Filename confirmed via Commons search; not live URL-verified (see resolver script).
226,Ghee,घिउ,Clarified Butter,"Clarified butter used widely in Nepali cooking, sweets, and religious rituals.",Ingredient,Dairy,Pan-Nepali,National,,Unknown / Mixed,Ingredient,Vegetarian,Butter (clarified),None,Used in cooking,TRUE,TRUE,FALSE,FALSE,,File:Pure Ghee.jpg | Wikimedia Commons — Category:Clarified butter,CC BY-SA (see file page),FALSE,,High,Filename confirmed via Commons search; not live URL-verified.
227,Butter (Makhan),मखन,"Makhan, Nauni","Fresh, unclarified butter churned from milk or curd, used in cooking and eaten with roti or dhido in rural households.",Ingredient,Dairy,Pan-Nepali,National,,Unknown / Mixed,Ingredient/Side,Vegetarian,Milk or curd (churned),None,"Small bowl, or used in cooking",TRUE,FALSE,FALSE,FALSE,,,,FALSE,,Medium,
228,Paneer,पनीर,Cottage Cheese,"Fresh, unaged cheese made by curdling milk, used in vegetarian curries and modern Nepali restaurant dishes.",Ingredient/Main Course,Dairy,Pan-Nepali (South Asian-origin),National,,Unknown / Mixed,Lunch/Dinner,Vegetarian,Milk (curdled),None,"Used in curries, or cubed",TRUE,FALSE,FALSE,TRUE,,File:Paneer makhani curry.jpg | Wikimedia Commons,CC BY-SA (see file page),FALSE,,High,Common in Paneer curry dishes at Nepali restaurants Filename confirmed via Commons search; not live URL-verified (see resolver script).
