name,image_url
Dal Bhat Tarkari,https://ik.imagekit.io/6r8dh2vqm/dishes-seed/Dal_Bhat_Tarkari_A-Q_2Svm2.jpg
Jaulo,https://ik.imagekit.io/6r8dh2vqm/dishes-seed/Jaulo_aWZjGRmIU.jpg
Dhido (Makai),https://ik.imagekit.io/6r8dh2vqm/dishes-seed/Dhido_Makai__GqA94goDL.jpg
Chiura,https://ik.imagekit.io/6r8dh2vqm/dishes-seed/Chiura_v_lX3h2_j.jpg
Dahi Chiura,https://ik.imagekit.io/6r8dh2vqm/dishes-seed/Dahi_Chiura_2oZoasBjO.jpg
Kheer,https://ik.imagekit.io/6r8dh2vqm/dishes-seed/Kheer_q6dTPawikP.jpg
Steamed Momo,https://ik.imagekit.io/6r8dh2vqm/dishes-seed/Steamed_Momo_aBkg7G8_J.jpg
Fried Momo,https://ik.imagekit.io/6r8dh2vqm/dishes-seed/Fried_Momo_3ux600h_R.jpg
Jhol Momo,https://ik.imagekit.io/6r8dh2vqm/dishes-seed/Jhol_Momo_MC_uLkXtI.jpg
Kothey Momo,https://ik.imagekit.io/6r8dh2vqm/dishes-seed/Kothey_Momo_25a-fMYdW.jpg
C-Momo,https://ik.imagekit.io/6r8dh2vqm/dishes-seed/C-Momo_6W4nXrTuh.jpg
Chicken Momo,https://ik.imagekit.io/6r8dh2vqm/dishes-seed/Chicken_Momo_Wm7XO9HNR.jpg
Buff Momo,https://ik.imagekit.io/6r8dh2vqm/dishes-seed/Buff_Momo_WaQP1avA8.jpg
Veg Momo,https://ik.imagekit.io/6r8dh2vqm/dishes-seed/Veg_Momo_WBXWIajjw.jpg
Pork Momo,https://ik.imagekit.io/6r8dh2vqm/dishes-seed/Pork_Momo_slWkdQJkU.jpg
Open Momo,https://ik.imagekit.io/6r8dh2vqm/dishes-seed/Open_Momo_4qm9ej4-C.jpg
Yomari,https://ik.imagekit.io/6r8dh2vqm/dishes-seed/Yomari_1E1543AS7.jpg
Chatamari,https://ik.imagekit.io/6r8dh2vqm/dishes-seed/Chatamari_o2R_0iWk_.jpg
Bara,https://ik.imagekit.io/6r8dh2vqm/dishes-seed/Bara_n9VwTdfzv.jpg
Samay Baji,https://ik.imagekit.io/6r8dh2vqm/dishes-seed/Samay_Baji_zRSvmFM0w.jpg
Buff Choila,https://ik.imagekit.io/6r8dh2vqm/dishes-seed/Buff_Choila_n3Vi_iGlr.jpg
Sapu Mhicha,https://ik.imagekit.io/6r8dh2vqm/dishes-seed/Sapu_Mhicha_gqWoFma89.jpg
Taas,https://ik.imagekit.io/6r8dh2vqm/dishes-seed/Taas_0R_qo8MJa.jpg
Juju Dhau,https://ik.imagekit.io/6r8dh2vqm/dishes-seed/Juju_Dhau_WIo17tOrL.jpg
Mari,https://ik.imagekit.io/6r8dh2vqm/dishes-seed/Mari_7y9am5OrX.jpg
Kwati,https://ik.imagekit.io/6r8dh2vqm/dishes-seed/Kwati_IQpy_UuCR.jpg
Marsi Rice,https://ik.imagekit.io/6r8dh2vqm/dishes-seed/Marsi_Rice_OASi6SzOH.jpg
Thukpa,https://ik.imagekit.io/6r8dh2vqm/dishes-seed/Thukpa_ipzkWNLgk.jpg
Sha Phaley,https://ik.imagekit.io/6r8dh2vqm/dishes-seed/Sha_Phaley_bodnJJvnt.jpg
Tsampa,https://ik.imagekit.io/6r8dh2vqm/dishes-seed/Tsampa_XnrkkYK65.jpg
Butter Tea,https://ik.imagekit.io/6r8dh2vqm/dishes-seed/Butter_Tea_jZBK7ot3n7.jpg
Chhurpi,https://ik.imagekit.io/6r8dh2vqm/dishes-seed/Chhurpi_kZD_kvWx1.jpg
Sinki Soup,https://ik.imagekit.io/6r8dh2vqm/dishes-seed/Sinki_Soup_E-PmkdDUF.jpg
Kinema,https://ik.imagekit.io/6r8dh2vqm/dishes-seed/Kinema_biPAQBoSI.jpg
Tongba,https://ik.imagekit.io/6r8dh2vqm/dishes-seed/Tongba_YH8rQEhYC.jpg
Ghonghi,https://ik.imagekit.io/6r8dh2vqm/dishes-seed/Ghonghi_B_Neh89d-.jpg
Dhikri,https://ik.imagekit.io/6r8dh2vqm/dishes-seed/Dhikri_Cg03rsL-V.jpg
Litti Chokha,https://ik.imagekit.io/6r8dh2vqm/dishes-seed/Litti_Chokha_Rs2xXjUy7.jpg
Chana Ghugni,https://ik.imagekit.io/6r8dh2vqm/dishes-seed/Chana_Ghugni_REY6fcVJs.jpg
Anarsa,https://ik.imagekit.io/6r8dh2vqm/dishes-seed/Anarsa_GSXo0iJlE.jpg
Puri Sabji,https://ik.imagekit.io/6r8dh2vqm/dishes-seed/Puri_Sabji_ykpNV3dqm.jpg
Aloo Puri,https://ik.imagekit.io/6r8dh2vqm/dishes-seed/Aloo_Puri_3b91JEGGy.jpg
Chatpate,https://ik.imagekit.io/6r8dh2vqm/dishes-seed/Chatpate_Resv-Q_5Y.jpg
Samosa,https://ik.imagekit.io/6r8dh2vqm/dishes-seed/Samosa_qM3HI53HX.jpg
Pakauda,https://ik.imagekit.io/6r8dh2vqm/dishes-seed/Pakauda_6rYgKok07.jpg
Bhatmas Sadeko,https://ik.imagekit.io/6r8dh2vqm/dishes-seed/Bhatmas_Sadeko_TsqULSo1s.jpg
Buff Sekuwa,https://ik.imagekit.io/6r8dh2vqm/dishes-seed/Buff_Sekuwa_ESziEzxfX.jpg
Chicken Sekuwa,https://ik.imagekit.io/6r8dh2vqm/dishes-seed/Chicken_Sekuwa_WA-bB2QZt.jpg
Chowmein,https://ik.imagekit.io/6r8dh2vqm/dishes-seed/Chowmein_94Sp7PghO.jpg
Chukauni,https://ik.imagekit.io/6r8dh2vqm/dishes-seed/Chukauni_j1qU4Mmw0.jpg
Laphing,https://ik.imagekit.io/6r8dh2vqm/dishes-seed/Laphing__lM-KFpn1.jpg
Kukhura Ko Masu,https://ik.imagekit.io/6r8dh2vqm/dishes-seed/Kukhura_Ko_Masu_e2aU4PEFa.jpg
Sukuti,https://ik.imagekit.io/6r8dh2vqm/dishes-seed/Sukuti_mzgnJPDR2.jpg
Aloo Tama,https://ik.imagekit.io/6r8dh2vqm/dishes-seed/Aloo_Tama_LeToR8rfX.jpg
Rayo Ko Saag,https://ik.imagekit.io/6r8dh2vqm/dishes-seed/Rayo_Ko_Saag_5AFiy7J8T.jpg
Gundruk,https://ik.imagekit.io/6r8dh2vqm/dishes-seed/Gundruk_Yo3tp4DWZ.jpg
Masyaura,https://ik.imagekit.io/6r8dh2vqm/dishes-seed/Masyaura_FLmaNn9r6.jpg
Mula Ko Achar,https://ik.imagekit.io/6r8dh2vqm/dishes-seed/Mula_Ko_Achar_oIbIYxjeg.jpg
Sel Roti,https://ik.imagekit.io/6r8dh2vqm/dishes-seed/Sel_Roti_ak-9OSBDV.jpg
Roti,https://ik.imagekit.io/6r8dh2vqm/dishes-seed/Roti_gcwaMmnAH.jpg
Kodo Ko Roti,https://ik.imagekit.io/6r8dh2vqm/dishes-seed/Kodo_Ko_Roti_GCwROnB-K.jpg
Puri,https://ik.imagekit.io/6r8dh2vqm/dishes-seed/Puri_-rHdVwocc.jpg
Peda,https://ik.imagekit.io/6r8dh2vqm/dishes-seed/Peda_pkozd9gqj.jpg
Laddu,https://ik.imagekit.io/6r8dh2vqm/dishes-seed/Laddu_8pQjR9kEU.jpg
Khuwa,https://ik.imagekit.io/6r8dh2vqm/dishes-seed/Khuwa_TNheJGvYW.jpg
Chiya,https://ik.imagekit.io/6r8dh2vqm/dishes-seed/Chiya_2I3VQg8Nq.jpg
Raksi,https://ik.imagekit.io/6r8dh2vqm/dishes-seed/Raksi_dmLIjH6Vm.jpg
Lassi,https://ik.imagekit.io/6r8dh2vqm/dishes-seed/Lassi_CH34ygLVU.jpg
Chicken Chilli,https://ik.imagekit.io/6r8dh2vqm/dishes-seed/Chicken_Chilli_3TPIYEVeY.jpg
Buff Fry,https://ik.imagekit.io/6r8dh2vqm/dishes-seed/Buff_Fry_RTUr7hQRS.jpg
Newari Khaja Set,https://ik.imagekit.io/6r8dh2vqm/dishes-seed/Newari_Khaja_Set_5-jiyfrgPO.jpg
Buff Chowmein,https://ik.imagekit.io/6r8dh2vqm/dishes-seed/Buff_Chowmein_tgKwXNTSn.jpg
Gundruk Ko Achar,https://ik.imagekit.io/6r8dh2vqm/dishes-seed/Gundruk_Ko_Achar_vxd5RF-m4.jpg
Simi Ko Tarkari,https://ik.imagekit.io/6r8dh2vqm/dishes-seed/Simi_Ko_Tarkari_be5laMqQD.jpg
Tama Ko Achar,https://ik.imagekit.io/6r8dh2vqm/dishes-seed/Tama_Ko_Achar_0x5xPNkgy.jpg
Dahi (Curd),https://ik.imagekit.io/6r8dh2vqm/dishes-seed/Dahi_Curd__VkAryBNPR.jpg
Burger,https://ik.imagekit.io/6r8dh2vqm/dishes-seed/Burger_6oGOu5tZY.jpg
Pizza,https://ik.imagekit.io/6r8dh2vqm/dishes-seed/Pizza_WNspIaMKpD.jpg
French Fries,https://ik.imagekit.io/6r8dh2vqm/dishes-seed/French_Fries_7l7Morqd8.jpg
Pasta,https://ik.imagekit.io/6r8dh2vqm/dishes-seed/Pasta_esRvaTiwx.jpg
Chicken Biryani,https://ik.imagekit.io/6r8dh2vqm/dishes-seed/Chicken_Biryani_ORpN0y3Of.jpg
Mutton Biryani,https://ik.imagekit.io/6r8dh2vqm/dishes-seed/Mutton_Biryani_TgePIPiCR.jpg
Instant Noodles (cooked),https://ik.imagekit.io/6r8dh2vqm/dishes-seed/Instant_Noodles_cooked__9H68eSD1L.jpg
Pork Sekuwa,https://ik.imagekit.io/6r8dh2vqm/dishes-seed/Pork_Sekuwa_eSbrqwec2.jpg
Batuk,https://ik.imagekit.io/6r8dh2vqm/dishes-seed/Batuk_RMf43Awjl.jpg
Milk,https://ik.imagekit.io/6r8dh2vqm/dishes-seed/Milk_pIUlx-jSr.jpg
Ghee,https://ik.imagekit.io/6r8dh2vqm/dishes-seed/Ghee_mqSPTVUZn.jpg
Paneer,https://ik.imagekit.io/6r8dh2vqm/dishes-seed/Paneer_t_anGEEB8.jpg

Chicken Pizza,https://ik.imagekit.io/6r8dh2vqm/dishes-seed/Chicken_Pizza_lZvuskQvJu.jpg
Veg Pizza,https://ik.imagekit.io/6r8dh2vqm/dishes-seed/Veg_Pizza_SlnsG60trB.jpg
Chicken Burger,https://ik.imagekit.io/6r8dh2vqm/dishes-seed/Chicken_Burger_KRRNHIXqli.jpg
Buff Burger,https://ik.imagekit.io/6r8dh2vqm/dishes-seed/Buff_Burger_IGYXu7oUa.jpg
Soy Sauce,https://ik.imagekit.io/6r8dh2vqm/dishes-seed/Soy_Sauce_uLGYf30-2.jpg
Tomato Ketchup,https://ik.imagekit.io/6r8dh2vqm/dishes-seed/Tomato_Ketchup_HWWOZSygz.jpg
Mayonnaise,https://ik.imagekit.io/6r8dh2vqm/dishes-seed/Mayonnaise_fzEQNRfA_.jpg
Chilli Sauce (Nepali-style),https://ik.imagekit.io/6r8dh2vqm/dishes-seed/Chilli_Sauce_Nepali-style__747EKT3JH.jpg

Coffee,https://ik.imagekit.io/6r8dh2vqm/dishes-seed/Coffee_2rUMmio1I.jpg
Espresso,https://ik.imagekit.io/6r8dh2vqm/dishes-seed/Espresso_Em1Ds7pHT.jpg
Cappuccino,https://ik.imagekit.io/6r8dh2vqm/dishes-seed/Cappuccino_8Vh8QPvdD.jpg
Cafe Latte,https://ik.imagekit.io/6r8dh2vqm/dishes-seed/Cafe_Latte_gtn_Qpe7A.jpg
Hot Chocolate,https://ik.imagekit.io/6r8dh2vqm/dishes-seed/Hot_Chocolate_1N78TLrUB.jpg
Chocolate Cake,https://ik.imagekit.io/6r8dh2vqm/dishes-seed/Chocolate_Cake_ho7lnbPF9.jpg
Barfi,https://ik.imagekit.io/6r8dh2vqm/dishes-seed/Barfi_lM6uCTz4S6.jpg
Rasbari,https://ik.imagekit.io/6r8dh2vqm/dishes-seed/Rasbari_tzvj7u_Tb.jpg
Sikarni,https://ik.imagekit.io/6r8dh2vqm/dishes-seed/Sikarni_4s93yp_DM.jpg
Malpuwa,https://ik.imagekit.io/6r8dh2vqm/dishes-seed/Malpuwa_rV1DCE1dv.jpg
Thekuwa,https://ik.imagekit.io/6r8dh2vqm/dishes-seed/Thekuwa_HYMH9Blt7.jpg
Ice Cream,https://ik.imagekit.io/6r8dh2vqm/dishes-seed/Ice_Cream_-RayCDezS.jpg

Honey,https://ik.imagekit.io/6r8dh2vqm/dishes-seed/Honey_g-MRZj5mp.jpg
Butter,https://ik.imagekit.io/6r8dh2vqm/dishes-seed/Butter_gjveypA8C.jpg
Flour,https://ik.imagekit.io/6r8dh2vqm/dishes-seed/Flour_98xjvl1Df.jpg
Lentils,https://ik.imagekit.io/6r8dh2vqm/dishes-seed/Lentils_yXV7bO_8Z.jpg
Maple Syrup,https://ik.imagekit.io/6r8dh2vqm/dishes-seed/Maple_Syrup_Lxj3nnqSW.jpg
Vinegar,https://ik.imagekit.io/6r8dh2vqm/dishes-seed/Vinegar_0m402NCJW.jpg
Cheese,https://ik.imagekit.io/6r8dh2vqm/dishes-seed/Cheese_zoRxEsbzC.jpg
Peanut Butter,https://ik.imagekit.io/6r8dh2vqm/dishes-seed/Peanut_Butter_W4hZu_X3J.jpg
Jam,https://ik.imagekit.io/6r8dh2vqm/dishes-seed/Jam_aIEAFUL4B.jpg
Fried Rice,https://ik.imagekit.io/6r8dh2vqm/dishes-seed/Fried_Rice_puFkLKfPK.jpg
Dumplings,https://ik.imagekit.io/6r8dh2vqm/dishes-seed/Dumplings_XCrzddZ53.jpg
Spring Rolls,https://ik.imagekit.io/6r8dh2vqm/dishes-seed/Spring_Rolls_7YxowmZGis.jpg
Sweet and Sour Pork,https://ik.imagekit.io/6r8dh2vqm/dishes-seed/Sweet_and_Sour_Pork_qMwxFvJyp.jpg
Mapo Tofu,https://ik.imagekit.io/6r8dh2vqm/dishes-seed/Mapo_Tofu_EZW75agB7.jpg
Peking Duck,https://ik.imagekit.io/6r8dh2vqm/dishes-seed/Peking_Duck_6Kj4kxhhf.jpg
Wonton Soup,https://ik.imagekit.io/6r8dh2vqm/dishes-seed/Wonton_Soup_rjBJfT2wO.jpg
Sushi,https://ik.imagekit.io/6r8dh2vqm/dishes-seed/Sushi_EA_ajyijp.jpg
Ramen,https://ik.imagekit.io/6r8dh2vqm/dishes-seed/Ramen_v0p1_ceEgY.jpg
Tempura,https://ik.imagekit.io/6r8dh2vqm/dishes-seed/Tempura_HF8DJwEq1.jpg
Teriyaki Chicken,https://ik.imagekit.io/6r8dh2vqm/dishes-seed/Teriyaki_Chicken_4wTe79BWQ.jpg
Miso Soup,https://ik.imagekit.io/6r8dh2vqm/dishes-seed/Miso_Soup_NgPHK6b3w.jpg
Sashimi,https://ik.imagekit.io/6r8dh2vqm/dishes-seed/Sashimi_R5iOaviLb.jpg
Onigiri,https://ik.imagekit.io/6r8dh2vqm/dishes-seed/Onigiri_1gmvzwXp8.jpg
Kimchi,https://ik.imagekit.io/6r8dh2vqm/dishes-seed/Kimchi_9_nX5s7DkA.jpg
Bibimbap,https://ik.imagekit.io/6r8dh2vqm/dishes-seed/Bibimbap_zIsR3VbCE.jpg
Bulgogi,https://ik.imagekit.io/6r8dh2vqm/dishes-seed/Bulgogi_lzKkFkGw1.jpg
Korean Fried Chicken,https://ik.imagekit.io/6r8dh2vqm/dishes-seed/Korean_Fried_Chicken_dkmsh9ClB.jpg
Tteokbokki,https://ik.imagekit.io/6r8dh2vqm/dishes-seed/Tteokbokki_dHoV_P6jw.jpg
Pad Thai,https://ik.imagekit.io/6r8dh2vqm/dishes-seed/Pad_Thai_xJhBXuIU4.jpg
Tom Yum Soup,https://ik.imagekit.io/6r8dh2vqm/dishes-seed/Tom_Yum_Soup_T01bDIk4sq.jpg
Thai Green Curry,https://ik.imagekit.io/6r8dh2vqm/dishes-seed/Thai_Green_Curry_CDKBLSUMm.jpg
Mango Sticky Rice,https://ik.imagekit.io/6r8dh2vqm/dishes-seed/Mango_Sticky_Rice_oztKvbf_ce.jpg
Thai Fried Rice,https://ik.imagekit.io/6r8dh2vqm/dishes-seed/Thai_Fried_Rice_5uJddcKEU.jpg
Pho,https://ik.imagekit.io/6r8dh2vqm/dishes-seed/Pho_yBrMx9l30.jpg
Banh Mi,https://ik.imagekit.io/6r8dh2vqm/dishes-seed/Banh_Mi_KbEOpzcLf.jpg
Vietnamese Spring Rolls,https://ik.imagekit.io/6r8dh2vqm/dishes-seed/Vietnamese_Spring_Rolls_5pF5ezO42.jpg
Bun Cha,https://ik.imagekit.io/6r8dh2vqm/dishes-seed/Bun_Cha_QFkFyq7Za.jpg
Butter Chicken,https://ik.imagekit.io/6r8dh2vqm/dishes-seed/Butter_Chicken_cs7GvG_Gh.jpg
Palak Paneer,https://ik.imagekit.io/6r8dh2vqm/dishes-seed/Palak_Paneer_kftwrPBcJ.jpg
Naan,https://ik.imagekit.io/6r8dh2vqm/dishes-seed/Naan_0fncAcK9K.jpg
Tandoori Chicken,https://ik.imagekit.io/6r8dh2vqm/dishes-seed/Tandoori_Chicken_wes2IzAvT.jpg
Chana Masala,https://ik.imagekit.io/6r8dh2vqm/dishes-seed/Chana_Masala_NVuJzKOTyE.jpg
Masala Dosa,https://ik.imagekit.io/6r8dh2vqm/dishes-seed/Masala_Dosa_IGWVteWOk.jpg
Idli,https://ik.imagekit.io/6r8dh2vqm/dishes-seed/Idli_lJuh7cZrm.jpg
Rogan Josh,https://ik.imagekit.io/6r8dh2vqm/dishes-seed/Rogan_Josh_E33gMCFjz0.jpg
Nasi Goreng,https://ik.imagekit.io/6r8dh2vqm/dishes-seed/Nasi_Goreng_-me7zUFC8.jpg
Chicken Satay,https://ik.imagekit.io/6r8dh2vqm/dishes-seed/Chicken_Satay_Z7iTYWLlN.jpg
Beef Rendang,https://ik.imagekit.io/6r8dh2vqm/dishes-seed/Beef_Rendang_9SzaI5skp.jpg
Sugar,https://ik.imagekit.io/6r8dh2vqm/dishes-seed/Sugar_cMUkxCXV9.jpg
Salt,https://ik.imagekit.io/6r8dh2vqm/dishes-seed/Salt_lZNxidH0T.jpg
Chocolate,https://ik.imagekit.io/6r8dh2vqm/dishes-seed/Chocolate_cDK9pYU9z.jpg
Udon,https://ik.imagekit.io/6r8dh2vqm/dishes-seed/Udon_PtY3DjUMD.jpg
Kung Pao Chicken,https://ik.imagekit.io/6r8dh2vqm/dishes-seed/Kung_Pao_Chicken_o4wvDwLkhb.jpg

General Tso's Chicken,https://ik.imagekit.io/6r8dh2vqm/dishes-seed/General_Tso_s_Chicken_okQRpwFFX.jpg
Hot and Sour Soup,https://ik.imagekit.io/6r8dh2vqm/dishes-seed/Hot_and_Sour_Soup_pgZB0xLgH.jpg
Egg Fried Rice,https://ik.imagekit.io/6r8dh2vqm/dishes-seed/Egg_Fried_Rice_pdBJB5tdZ.jpg
Char Siu,https://ik.imagekit.io/6r8dh2vqm/dishes-seed/Char_Siu_i89qUvzSU.jpg
Xiaolongbao,https://ik.imagekit.io/6r8dh2vqm/dishes-seed/Xiaolongbao_kjp-uLS7AB.jpg
Congee,https://ik.imagekit.io/6r8dh2vqm/dishes-seed/Congee_AK1BypM7R.jpg
Spring Onion Pancake,https://ik.imagekit.io/6r8dh2vqm/dishes-seed/Spring_Onion_Pancake_lDs4U8aOC.jpg
Katsu Curry,https://ik.imagekit.io/6r8dh2vqm/dishes-seed/Katsu_Curry_WpDcQC-qr.jpg
Yakitori,https://ik.imagekit.io/6r8dh2vqm/dishes-seed/Yakitori_qsHnW-Qz1.jpg
Gyoza,https://ik.imagekit.io/6r8dh2vqm/dishes-seed/Gyoza_-uOBvTh_v.jpg
Takoyaki,https://ik.imagekit.io/6r8dh2vqm/dishes-seed/Takoyaki_uI7RY6vr3.jpg
Okonomiyaki,https://ik.imagekit.io/6r8dh2vqm/dishes-seed/Okonomiyaki_GiDtt2uzs.jpg
Soba,https://ik.imagekit.io/6r8dh2vqm/dishes-seed/Soba_bhLjCmbeR.jpg
Chirashi,https://ik.imagekit.io/6r8dh2vqm/dishes-seed/Chirashi_9v-VxbhWN.jpg
Japchae,https://ik.imagekit.io/6r8dh2vqm/dishes-seed/Japchae_97A0qd36X.jpg
Samgyeopsal,https://ik.imagekit.io/6r8dh2vqm/dishes-seed/Samgyeopsal_I_TNxq8X3.jpg
Naengmyeon,https://ik.imagekit.io/6r8dh2vqm/dishes-seed/Naengmyeon_iVk2Lc978c.jpg
Sundubu Jjigae,https://ik.imagekit.io/6r8dh2vqm/dishes-seed/Sundubu_Jjigae_gm50COyuv.jpg
Gimbap,https://ik.imagekit.io/6r8dh2vqm/dishes-seed/Gimbap_O2_w1DLHX.jpg
Som Tam,https://ik.imagekit.io/6r8dh2vqm/dishes-seed/Som_Tam_L3l7FV-zJ.jpg
Massaman Curry,https://ik.imagekit.io/6r8dh2vqm/dishes-seed/Massaman_Curry_jtc2TqZwA.jpg
Pad Krapow,https://ik.imagekit.io/6r8dh2vqm/dishes-seed/Pad_Krapow_QsNZy9nl-.jpg
Larb,https://ik.imagekit.io/6r8dh2vqm/dishes-seed/Larb_S0dn0_fkj.jpg
Khao Soi,https://ik.imagekit.io/6r8dh2vqm/dishes-seed/Khao_Soi_XBaCkXauA.jpg
Bun Bo Hue,https://ik.imagekit.io/6r8dh2vqm/dishes-seed/Bun_Bo_Hue_KSxTG9s2j.jpg
Com Tam,https://ik.imagekit.io/6r8dh2vqm/dishes-seed/Com_Tam_3CYHC0rgp.jpg
Goi Cuon,https://ik.imagekit.io/6r8dh2vqm/dishes-seed/Goi_Cuon_BSXEkyVI4.jpg
Vada Pav,https://ik.imagekit.io/6r8dh2vqm/dishes-seed/Vada_Pav_0MU8iuM8C.jpg
Pav Bhaji,https://ik.imagekit.io/6r8dh2vqm/dishes-seed/Pav_Bhaji_isdb3nS5M.jpg
Dal Makhani,https://ik.imagekit.io/6r8dh2vqm/dishes-seed/Dal_Makhani_uQYeUgwjo.jpg
Aloo Gobi,https://ik.imagekit.io/6r8dh2vqm/dishes-seed/Aloo_Gobi_xvGyU1Bcs.jpg
Malai Kofta,https://ik.imagekit.io/6r8dh2vqm/dishes-seed/Malai_Kofta_dA-YfL6Zt9.jpg
Chicken Tikka,https://ik.imagekit.io/6r8dh2vqm/dishes-seed/Chicken_Tikka_DWJCXXJpW.jpg
Seekh Kebab,https://ik.imagekit.io/6r8dh2vqm/dishes-seed/Seekh_Kebab_GjyHDmY_Y.jpg
Kadai Paneer,https://ik.imagekit.io/6r8dh2vqm/dishes-seed/Kadai_Paneer_wzQwF_tDC.jpg
Jalebi,https://ik.imagekit.io/6r8dh2vqm/dishes-seed/Jalebi_YoG4mwk04.jpg
Laksa,https://ik.imagekit.io/6r8dh2vqm/dishes-seed/Laksa_5rv83_qLd.jpg
Char Kway Teow,https://ik.imagekit.io/6r8dh2vqm/dishes-seed/Char_Kway_Teow_5WPYXJbxN.jpg
Hainanese Chicken Rice,https://ik.imagekit.io/6r8dh2vqm/dishes-seed/Hainanese_Chicken_Rice_6ktjYEiFg.jpg
Chicken Adobo,https://ik.imagekit.io/6r8dh2vqm/dishes-seed/Chicken_Adobo_6LlugN-Gi.jpg
Pancit,https://ik.imagekit.io/6r8dh2vqm/dishes-seed/Pancit_AtxG1G8vn.jpg
Lumpia,https://ik.imagekit.io/6r8dh2vqm/dishes-seed/Lumpia_-ITapXM7b.jpg
Green Tea,https://ik.imagekit.io/6r8dh2vqm/dishes-seed/Green_Tea_U9pwFVkql.jpg
Bubble Tea,https://ik.imagekit.io/6r8dh2vqm/dishes-seed/Bubble_Tea_bzLsRPqGy.jpg
Thai Iced Tea,https://ik.imagekit.io/6r8dh2vqm/dishes-seed/Thai_Iced_Tea_gNbjhFQVu.jpg
Mango Lassi,https://ik.imagekit.io/6r8dh2vqm/dishes-seed/Mango_Lassi_3F-44lktf.jpg
Coconut Water,https://ik.imagekit.io/6r8dh2vqm/dishes-seed/Coconut_Water_hvdxW1DlH.jpg
Mochi,https://ik.imagekit.io/6r8dh2vqm/dishes-seed/Mochi_z-HE32duXl.jpg
Kulfi,https://ik.imagekit.io/6r8dh2vqm/dishes-seed/Kulfi_Hx-4KcA4wp.jpg
Halo-Halo,https://ik.imagekit.io/6r8dh2vqm/dishes-seed/Halo-Halo_4TnGSQ34x.jpg
Dorayaki,https://ik.imagekit.io/6r8dh2vqm/dishes-seed/Dorayaki_zkr089IDX.jpg
Unagi Don,https://ik.imagekit.io/6r8dh2vqm/dishes-seed/Unagi_Don__ilSUtfUS.jpg
Beef Chow Fun,https://ik.imagekit.io/6r8dh2vqm/dishes-seed/Beef_Chow_Fun_CzNWw-mR4.jpg

Khasi Ko Masu,https://ik.imagekit.io/6r8dh2vqm/dishes-seed/Khasi_Ko_Masu_aRz8gGwkx.jpg
Buff Ko Masu,https://ik.imagekit.io/6r8dh2vqm/dishes-seed/Buff_Ko_Masu_gVV9jMWuo.jpg
Has Ko Masu,https://ik.imagekit.io/6r8dh2vqm/dishes-seed/Has_Ko_Masu_ov3iWK0ARc.jpg
Machha Ko Jhol,https://ik.imagekit.io/6r8dh2vqm/dishes-seed/Machha_Ko_Jhol_WFnlLvA35.jpg
Machha Ko Achar,https://ik.imagekit.io/6r8dh2vqm/dishes-seed/Machha_Ko_Achar_TIZ15imIK.jpg
Fish Sekuwa,https://ik.imagekit.io/6r8dh2vqm/dishes-seed/Fish_Sekuwa_Lx7YaMH99.jpg
Bhindi Ko Tarkari,https://ik.imagekit.io/6r8dh2vqm/dishes-seed/Bhindi_Ko_Tarkari_OpV4okqsK.jpg
Farsi Ko Tarkari,https://ik.imagekit.io/6r8dh2vqm/dishes-seed/Farsi_Ko_Tarkari_RmQ2up3gAh.jpg
Ghiraula Ko Tarkari,https://ik.imagekit.io/6r8dh2vqm/dishes-seed/Ghiraula_Ko_Tarkari_CylmSBwAe.jpg
Iskus Ko Tarkari,https://ik.imagekit.io/6r8dh2vqm/dishes-seed/Iskus_Ko_Tarkari_eu6jia7W4.jpg
Cauli Aloo Ko Tarkari,https://ik.imagekit.io/6r8dh2vqm/dishes-seed/Cauli_Aloo_Ko_Tarkari_AzKe0zAQR.jpg
Aam Ko Achar,https://ik.imagekit.io/6r8dh2vqm/dishes-seed/Aam_Ko_Achar_2h3GWZvwiI.jpg
Khalpi Ko Achar,https://ik.imagekit.io/6r8dh2vqm/dishes-seed/Khalpi_Ko_Achar_Dyx3HmEPH.jpg
Makai Ko Roti,https://ik.imagekit.io/6r8dh2vqm/dishes-seed/Makai_Ko_Roti_vWF08Ob6d.jpg
Kachori,https://ik.imagekit.io/6r8dh2vqm/dishes-seed/Kachori_Gnq6brv7z.jpg
Dahi Bara,https://ik.imagekit.io/6r8dh2vqm/dishes-seed/Dahi_Bara_nx_Eeyo2N.jpg
Chicken Sandwich,https://ik.imagekit.io/6r8dh2vqm/dishes-seed/Chicken_Sandwich_mntrzKDhD.jpg
Club Sandwich,https://ik.imagekit.io/6r8dh2vqm/dishes-seed/Club_Sandwich_tibl8cGFx.jpg
Veg Sandwich,https://ik.imagekit.io/6r8dh2vqm/dishes-seed/Veg_Sandwich_YZYB3b1Qk.jpg
Fried Chicken (KFC-style),https://ik.imagekit.io/6r8dh2vqm/dishes-seed/Fried_Chicken_KFC-style__smbZvyLWe.jpg
Hot Dog,https://ik.imagekit.io/6r8dh2vqm/dishes-seed/Hot_Dog_IgweXcKJpi.jpg
Veg Burger,https://ik.imagekit.io/6r8dh2vqm/dishes-seed/Veg_Burger_AbCchrg-MV.jpg
Veg Biryani,https://ik.imagekit.io/6r8dh2vqm/dishes-seed/Veg_Biryani_XlIPjckxm.jpg
Veg Manchurian,https://ik.imagekit.io/6r8dh2vqm/dishes-seed/Veg_Manchurian_JzcJCg3Fn.jpg
Veg Chop,https://ik.imagekit.io/6r8dh2vqm/dishes-seed/Veg_Chop_wXFiMN2Obo.jpg
Aloo Chop,https://ik.imagekit.io/6r8dh2vqm/dishes-seed/Aloo_Chop_E3FpakeVRT.jpg
Panipuri,https://ik.imagekit.io/6r8dh2vqm/dishes-seed/Panipuri_49KyAFUXK.jpg
Paratha,https://ik.imagekit.io/6r8dh2vqm/dishes-seed/Paratha_0PNDx_yiF.jpg
Nepali Pulao,https://ik.imagekit.io/6r8dh2vqm/dishes-seed/Nepali_Pulao_eVUI3w2l6D.jpg
Khichdi,https://ik.imagekit.io/6r8dh2vqm/dishes-seed/Khichdi_2MEhnTo4n.jpg
